uniqueid,healthid,groupid,externalid,sensorData,timeStamp.startTime,timeStamp.endTime
F0:FA:C7:49:6A:C3_1784722205_19,0b2abbd439fc46fc992477362f6b9a75,0b2abbd439fc46fc992477362f6b9a751784732355145,HNU21005,kitattachments/20260722/SensorOriginalData/sensorData-1784732355650-8796c4f44baf47448f839768c3f97bd8.zip,1784722205000,1784722620000
F0:FA:C7:49:6A:C3_1784717838_18,0b2abbd439fc46fc992477362f6b9a75,0b2abbd439fc46fc992477362f6b9a751784732715529,HNU21005,kitattachments/20260722/SensorOriginalData/sensorData-1784732716339-943601ac89d84ca8854497305cbb285f.zip,1784717838000,1784722204000
F0:FA:C7:49:6A:C3_1784713200_17,0b2abbd439fc46fc992477362f6b9a75,0b2abbd439fc46fc992477362f6b9a751784732990487,HNU21005,kitattachments/20260722/SensorOriginalData/sensorData-1784732991403-0c69d9f379724d569503b7ecb4c704bd.zip,1784713200000,1784717837000
F0:FA:C7:49:6A:C3_1784708834_16,0b2abbd439fc46fc992477362f6b9a75,0b2abbd439fc46fc992477362f6b9a751784733260467,HNU21005,kitattachments/20260722/SensorOriginalData/sensorData-1784733261342-21187fa595b84a6089262be83bc09cf4.zip,1784708834000,1784713200000
F0:FA:C7:49:6A:C3_1784704469_15,0b2abbd439fc46fc992477362f6b9a75,0b2abbd439fc46fc992477362f6b9a751784733535471,HNU21005,kitattachments/20260722/SensorOriginalData/sensorData-1784733536760-cea23368157a477b88c55fae0586df1e.zip,1784704469000,1784708834000
F0:FA:C7:49:6A:C3_1784700103_14,0b2abbd439fc46fc992477362f6b9a75,0b2abbd439fc46fc992477362f6b9a751784733803889,HNU21005,kitattachments/20260722/SensorOriginalData/sensorData-1784733804670-77a4821ef603438d86b8c3be5a296f0c.zip,1784700103000,1784704469000
F0:FA:C7:49:6A:C3_1784695587_13,0b2abbd439fc46fc992477362f6b9a75,null1784734072901,HNU21005,kitattachments/20260722/SensorOriginalData/sensorData-1784734073566-2e48cff9450a48cb89c3906b24ace89d.zip,1784695587000,1784700103000
F0:FA:C7:49:6A:C3_1784691221_12,0b2abbd439fc46fc992477362f6b9a75,0b2abbd439fc46fc992477362f6b9a751784734329007,HNU21005,kitattachments/20260722/SensorOriginalData/sensorData-1784734329487-6298b943eea34dffa0ce96aa09a32943.zip,1784691221000,1784695587000
F0:FA:C7:49:6A:C3_1784686463_11,0b2abbd439fc46fc992477362f6b9a75,0b2abbd439fc46fc992477362f6b9a751784734899377,HNU21005,kitattachments/20260722/SensorOriginalData/sensorData-1784734900060-10909d0c50c243e4b7706abaaf7a5484.zip,1784686463000,1784691221000
F0:FA:C7:49:6A:C3_1784633955_10,0b2abbd439fc46fc992477362f6b9a75,0b2abbd439fc46fc992477362f6b9a751784735160791,HNU21005,kitattachments/20260722/SensorOriginalData/sensorData-1784735162886-adf73219fb6c46c6bb487b2628725a19.zip,1784633955000,1784686462000
F0:FA:C7:49:6A:C3_1784629590_9,0b2abbd439fc46fc992477362f6b9a75,0b2abbd439fc46fc992477362f6b9a751784639883902,HNU21005,kitattachments/20260721/SensorOriginalData/sensorData-1784639884958-dbb4bbe815f54584b17959c796d75962.zip,1784629590000,1784633955000
F0:FA:C7:49:6A:C3_1784624858_8,0b2abbd439fc46fc992477362f6b9a75,0b2abbd439fc46fc992477362f6b9a751784640097379,HNU21005,kitattachments/20260721/SensorOriginalData/sensorData-1784640098080-a30e6e9ad9614c0a98d6274dfb370b29.zip,1784624858000,1784629589000
F0:FA:C7:49:6A:C3_1784620491_7,0b2abbd439fc46fc992477362f6b9a75,0b2abbd439fc46fc992477362f6b9a751784640367650,HNU21005,kitattachments/20260721/SensorOriginalData/sensorData-1784640368324-7ad603c206de4f8db201ebf71d75bf3b.zip,1784620491000,1784624857000
F0:FA:C7:49:6A:C3_1784616125_6,0b2abbd439fc46fc992477362f6b9a75,0b2abbd439fc46fc992477362f6b9a751784640645521,HNU21005,kitattachments/20260721/SensorOriginalData/sensorData-1784640647354-b993c645718444db8aaf224a68b08ab8.zip,1784616125000,1784620491000
F0:FA:C7:49:6A:C3_1784611760_5,0b2abbd439fc46fc992477362f6b9a75,null1784640921985,HNU21005,kitattachments/20260721/SensorOriginalData/sensorData-1784640922885-c22dd382d51f41039afbb063139bf2d9.zip,1784611760000,1784616125000
F0:FA:C7:49:6A:C3_1784607047_4,0b2abbd439fc46fc992477362f6b9a75,null1784641148821,HNU21005,kitattachments/20260721/SensorOriginalData/sensorData-1784641149983-728e73a00aed4117a86ca6446192928a.zip,1784607047000,1784611760000
F0:FA:C7:49:6A:C3_1784602684_3,0b2abbd439fc46fc992477362f6b9a75,null1784641383908,HNU21005,kitattachments/20260721/SensorOriginalData/sensorData-1784641384995-8bc570f6d6db44708bda1fb82450508d.zip,1784602684000,1784607047000
F0:FA:C7:49:6A:C3_1784541414_2,0b2abbd439fc46fc992477362f6b9a75,null1784641623791,HNU21005,kitattachments/20260721/SensorOriginalData/sensorData-1784641624819-a63db5209d324428abc8776f7c58e35f.zip,1784541414000,1784602684000
F0:FA:C7:49:6A:C3_1784536353_1,0b2abbd439fc46fc992477362f6b9a75,null1784641848878,HNU21005,kitattachments/20260721/SensorOriginalData/sensorData-1784641849826-bdd7781cbdb04d0ca04a5d3505f70796.zip,1784536353000,1784541414000
F0:FA:C7:49:6A:8B_1784882801_23,da7de757de22487d88d58553ec2a2166,da7de757de22487d88d58553ec2a21661784896728262,HNU21017,kitattachments/20260724/SensorOriginalData/sensorData-1784896728917-7d97ef3c60294bf9b579bd325f20bf47.zip,1784882801000,1784894414000
F0:FA:C7:49:6A:8B_1784878433_22,da7de757de22487d88d58553ec2a2166,da7de757de22487d88d58553ec2a21661784896750891,HNU21017,kitattachments/20260724/SensorOriginalData/sensorData-1784896751096-9bb9a111bccd48f79e71261cae1713e8.zip,1784878433000,1784882801000
F0:FA:C7:49:6A:8B_1784874065_21,da7de757de22487d88d58553ec2a2166,da7de757de22487d88d58553ec2a21661784902611218,HNU21017,kitattachments/20260724/SensorOriginalData/sensorData-1784902612130-b689de7e46984b6c9be38b80d81d0c6b.zip,1784874065000,1784878433000
F0:FA:C7:49:6A:8B_1784869696_20,da7de757de22487d88d58553ec2a2166,da7de757de22487d88d58553ec2a21661784902841370,HNU21017,kitattachments/20260724/SensorOriginalData/sensorData-1784902842258-fdc54caa28854f1ab431d1bd21503f7a.zip,1784869696000,1784874065000
F0:FA:C7:49:6A:8B_1784865132_19,da7de757de22487d88d58553ec2a2166,da7de757de22487d88d58553ec2a21661784903086491,HNU21017,kitattachments/20260724/SensorOriginalData/sensorData-1784903087329-02c2bf1a46284a979358237287e0031a.zip,1784865132000,1784869696000
F0:FA:C7:49:6A:8B_1784860763_18,da7de757de22487d88d58553ec2a2166,da7de757de22487d88d58553ec2a21661784903318694,HNU21017,kitattachments/20260724/SensorOriginalData/sensorData-1784903319524-2e834ab9b6e24051b69ff5367e3faa1d.zip,1784860763000,1784865131000
F0:FA:C7:49:6A:8B_1784822296_17,da7de757de22487d88d58553ec2a2166,da7de757de22487d88d58553ec2a21661784903537126,HNU21017,kitattachments/20260724/SensorOriginalData/sensorData-1784903538333-a4f1cff6f5c347f5b70b2412d54d5c45.zip,1784822296000,1784860763000
F0:FA:C7:49:6A:8B_1784810150_16,da7de757de22487d88d58553ec2a2166,da7de757de22487d88d58553ec2a21661784858619894,HNU21017,kitattachments/20260724/SensorOriginalData/sensorData-1784858620137-daa31e669ba8405094b198be4d27add2.zip,1784810150000,1784822296000
F0:FA:C7:49:6A:8B_1784805781_15,da7de757de22487d88d58553ec2a2166,da7de757de22487d88d58553ec2a21661784816507778,HNU21017,kitattachments/20260723/SensorOriginalData/sensorData-1784816508265-0954a7c3e5a54d0eb8b136fa1bc75ace.zip,1784805781000,1784810149000
F0:FA:C7:49:6A:8B_1784801172_14,da7de757de22487d88d58553ec2a2166,da7de757de22487d88d58553ec2a21661784818077045,HNU21017,kitattachments/20260723/SensorOriginalData/sensorData-1784818077661-4cf4cb2289254533a4f7a4e66ede698b.zip,1784801172000,1784805781000
F0:FA:C7:49:6A:8B_1784796803_13,da7de757de22487d88d58553ec2a2166,da7de757de22487d88d58553ec2a21661784818574875,HNU21017,kitattachments/20260723/SensorOriginalData/sensorData-1784818575568-9da663eaad544610913929978501e6f7.zip,1784796803000,1784801172000
F0:FA:C7:49:6A:8B_1784792434_12,da7de757de22487d88d58553ec2a2166,da7de757de22487d88d58553ec2a21661784819661115,HNU21017,kitattachments/20260723/SensorOriginalData/sensorData-1784819661732-59a9e23154494cd2849895de5d1321f9.zip,1784792434000,1784796802000
F0:FA:C7:49:6A:8B_1784777559_11,da7de757de22487d88d58553ec2a2166,da7de757de22487d88d58553ec2a21661784858618448,HNU21017,kitattachments/20260724/SensorOriginalData/sensorData-1784858619225-fada0b4b844643049c062269665de635.zip,1784777559000,1784792434000
F0:FA:C7:49:6A:8B_1784773191_10,da7de757de22487d88d58553ec2a2166,da7de757de22487d88d58553ec2a21661784858620676,HNU21017,kitattachments/20260724/SensorOriginalData/sensorData-1784858620909-fdc3a2b7d0e34f97a89e00e32fbc8d57.zip,1784773191000,1784777559000
F0:FA:C7:49:6A:8B_1784720804_9,da7de757de22487d88d58553ec2a2166,da7de757de22487d88d58553ec2a21661784858879333,HNU21017,kitattachments/20260724/SensorOriginalData/sensorData-1784858880061-7a364a880e9f4045baecf2fe31268ef8.zip,1784720804000,1784773191000
F0:FA:C7:49:6A:8B_1784716074_8,da7de757de22487d88d58553ec2a2166,da7de757de22487d88d58553ec2a21661784858891423,HNU21017,kitattachments/20260724/SensorOriginalData/sensorData-1784858891639-cdcb48de33bd4c319125eac0f9ff3b17.zip,1784716074000,1784720804000
F0:FA:C7:49:6A:8B_1784711704_7,da7de757de22487d88d58553ec2a2166,da7de757de22487d88d58553ec2a21661784858901196,HNU21017,kitattachments/20260724/SensorOriginalData/sensorData-1784858901406-4bf7c080ea6a45e9a7bb1ad5b1616bc8.zip,1784711704000,1784716073000
F0:FA:C7:49:6A:8B_1784707335_6,da7de757de22487d88d58553ec2a2166,da7de757de22487d88d58553ec2a21661784858902570,HNU21017,kitattachments/20260724/SensorOriginalData/sensorData-1784858902756-129ee83383ce4e99a051a47705911009.zip,1784707335000,1784711704000
F0:FA:C7:49:6A:8B_1784691255_5,da7de757de22487d88d58553ec2a2166,da7de757de22487d88d58553ec2a21661784858954096,HNU21017,kitattachments/20260724/SensorOriginalData/sensorData-1784858954311-fdcf56a3c9744c8a9f863668a849bf3d.zip,1784691255000,1784707335000
F0:FA:C7:49:6A:8B_1784686755_4,da7de757de22487d88d58553ec2a2166,da7de757de22487d88d58553ec2a21661784858955580,HNU21017,kitattachments/20260724/SensorOriginalData/sensorData-1784858955792-4e22d3ebd3894cb898b0665d4c87e429.zip,1784686755000,1784691254000
F0:FA:C7:49:6A:8B_1784639469_3,da7de757de22487d88d58553ec2a2166,da7de757de22487d88d58553ec2a21661784858956814,HNU21017,kitattachments/20260724/SensorOriginalData/sensorData-1784858957008-b1bf52b26e7c45f19548c810e5f56965.zip,1784639469000,1784686755000
F0:FA:C7:49:6A:8B_1784634352_2,da7de757de22487d88d58553ec2a2166,da7de757de22487d88d58553ec2a21661784858958280,HNU21017,kitattachments/20260724/SensorOriginalData/sensorData-1784858958469-871e87302c654305bce48405b1925c54.zip,1784634352000,1784639468000
F0:FA:C7:49:6A:8B_1784621258_1,da7de757de22487d88d58553ec2a2166,da7de757de22487d88d58553ec2a21661784636100491,HNU21017,kitattachments/20260721/SensorOriginalData/sensorData-1784636100913-0febac83964a4034bb6774a4c433c97a.zip,1784621258000,1784634352000
F0:FA:C7:49:6A:66_1784901761_36,cdbdec220d1e4e9c943996e19493fc8d,cdbdec220d1e4e9c943996e19493fc8d1784905462326,HNU21019,kitattachments/20260724/SensorOriginalData/sensorData-1784905463189-b5b12b4049874c1ca93ea52a8db31a15.zip,1784901761000,1784905087000
F0:FA:C7:49:6A:66_1784897257_35,cdbdec220d1e4e9c943996e19493fc8d,cdbdec220d1e4e9c943996e19493fc8d1784905785278,HNU21019,kitattachments/20260724/SensorOriginalData/sensorData-1784905786080-831624e7085d455b9ca01798af4114bc.zip,1784897257000,1784901761000
F0:FA:C7:49:6A:66_1784892752_34,cdbdec220d1e4e9c943996e19493fc8d,cdbdec220d1e4e9c943996e19493fc8d1784906210248,HNU21019,kitattachments/20260724/SensorOriginalData/sensorData-1784906211024-0957e9e2f5f84d24bfc70631e94af3dc.zip,1784892752000,1784897257000
F0:FA:C7:49:6A:66_1784888367_33,cdbdec220d1e4e9c943996e19493fc8d,cdbdec220d1e4e9c943996e19493fc8d1784906656813,HNU21019,kitattachments/20260724/SensorOriginalData/sensorData-1784906657431-fe880d3046e4417aa851a71ab0ae51d5.zip,1784888367000,1784892752000
F0:FA:C7:49:6A:66_1784883983_32,cdbdec220d1e4e9c943996e19493fc8d,cdbdec220d1e4e9c943996e19493fc8d1784907139335,HNU21019,kitattachments/20260724/SensorOriginalData/sensorData-1784907140121-59dda7a3db2249cc9e12e22dd163eece.zip,1784883983000,1784888366000
F0:FA:C7:49:6A:66_1784879597_31,cdbdec220d1e4e9c943996e19493fc8d,cdbdec220d1e4e9c943996e19493fc8d1784907618348,HNU21019,kitattachments/20260724/SensorOriginalData/sensorData-1784907619136-eff5b44485474017bb99a5fe2bf9476c.zip,1784879597000,1784883983000
F0:FA:C7:49:6A:66_1784875196_30,cdbdec220d1e4e9c943996e19493fc8d,cdbdec220d1e4e9c943996e19493fc8d1784908087426,HNU21019,kitattachments/20260724/SensorOriginalData/sensorData-1784908088534-17e9474cece542e3b9260fd6afc32870.zip,1784875196000,1784879597000
F0:FA:C7:49:6A:66_1784870534_29,cdbdec220d1e4e9c943996e19493fc8d,cdbdec220d1e4e9c943996e19493fc8d1784908677398,HNU21019,kitattachments/20260724/SensorOriginalData/sensorData-1784908678475-8a4de082ad4748608e9defe3f73dcc32.zip,1784870534000,1784875196000
F0:FA:C7:49:6A:66_1784865827_28,cdbdec220d1e4e9c943996e19493fc8d,cdbdec220d1e4e9c943996e19493fc8d1784909244073,HNU21019,kitattachments/20260725/SensorOriginalData/sensorData-1784909244790-51598f395fa24c6a8a71760af1be2a83.zip,1784865827000,1784870534000
F0:FA:C7:49:6A:66_1784861441_27,cdbdec220d1e4e9c943996e19493fc8d,cdbdec220d1e4e9c943996e19493fc8d1784909813100,HNU21019,kitattachments/20260725/SensorOriginalData/sensorData-1784909814268-00d8b140c22547d3a9051c39b464a56c.zip,1784861441000,1784865827000
F0:FA:C7:49:6A:66_1784856648_26,cdbdec220d1e4e9c943996e19493fc8d,cdbdec220d1e4e9c943996e19493fc8d1784964072289,HNU21019,kitattachments/20260725/SensorOriginalData/sensorData-1784964072900-dcc473173dde42e7819988666a1f180d.zip,1784856648000,1784861441000
F0:FA:C7:49:6A:66_1784812658_25,cdbdec220d1e4e9c943996e19493fc8d,cdbdec220d1e4e9c943996e19493fc8d1784817114085,HNU21019,kitattachments/20260723/SensorOriginalData/sensorData-1784817114961-fd89df32b4c54af7ba76b49695737c6e.zip,1784812658000,1784816730000
F0:FA:C7:49:6A:66_1784808276_24,cdbdec220d1e4e9c943996e19493fc8d,cdbdec220d1e4e9c943996e19493fc8d1784817407327,HNU21019,kitattachments/20260723/SensorOriginalData/sensorData-1784817408146-a2aaab3e618248788ae1eb5e45c76de3.zip,1784808276000,1784812658000
F0:FA:C7:49:6A:66_1784803890_23,cdbdec220d1e4e9c943996e19493fc8d,cdbdec220d1e4e9c943996e19493fc8d1784817695912,HNU21019,kitattachments/20260723/SensorOriginalData/sensorData-1784817696760-3ce864e880cc4e05909f034a2e814028.zip,1784803890000,1784808276000
F0:FA:C7:49:6A:66_1784799383_22,cdbdec220d1e4e9c943996e19493fc8d,cdbdec220d1e4e9c943996e19493fc8d1784818066429,HNU21019,kitattachments/20260723/SensorOriginalData/sensorData-1784818067554-29a26449621a4eb9807a915859339258.zip,1784799383000,1784803890000
F0:FA:C7:49:6A:66_1784794999_21,cdbdec220d1e4e9c943996e19493fc8d,cdbdec220d1e4e9c943996e19493fc8d1784818537645,HNU21019,kitattachments/20260723/SensorOriginalData/sensorData-1784818538731-501412571b244f4f98c62d0ba282fe1d.zip,1784794999000,1784799383000
F0:FA:C7:49:6A:66_1784790614_20,cdbdec220d1e4e9c943996e19493fc8d,cdbdec220d1e4e9c943996e19493fc8d1784819035946,HNU21019,kitattachments/20260723/SensorOriginalData/sensorData-1784819036666-b3bbae289a3e4389a3d3091760ff4018.zip,1784790614000,1784794999000
F0:FA:C7:49:6A:66_1784786227_19,cdbdec220d1e4e9c943996e19493fc8d,cdbdec220d1e4e9c943996e19493fc8d1784819547044,HNU21019,kitattachments/20260723/SensorOriginalData/sensorData-1784819547786-6fbae8435f20440b9ca2192f3d96aaf6.zip,1784786227000,1784790614000
F0:FA:C7:49:6A:66_1784781841_18,cdbdec220d1e4e9c943996e19493fc8d,cdbdec220d1e4e9c943996e19493fc8d1784820062968,HNU21019,kitattachments/20260723/SensorOriginalData/sensorData-1784820064049-cd14745ed15f48949f8d4ef56e29ae6b.zip,1784781841000,1784786227000
F0:FA:C7:49:6A:66_1784777215_17,cdbdec220d1e4e9c943996e19493fc8d,cdbdec220d1e4e9c943996e19493fc8d1784820574601,HNU21019,kitattachments/20260723/SensorOriginalData/sensorData-1784820575374-147e7ec0f4dd4155bf09f2ee6c846fd0.zip,1784777215000,1784781841000
F0:FA:C7:49:6A:66_1784772831_16,cdbdec220d1e4e9c943996e19493fc8d,cdbdec220d1e4e9c943996e19493fc8d1784821044933,HNU21019,kitattachments/20260723/SensorOriginalData/sensorData-1784821045661-2a7c981c3dfd4865a37c0eb1b31449a7.zip,1784772831000,1784777215000
F0:FA:C7:49:6A:66_1784730381_15,cdbdec220d1e4e9c943996e19493fc8d,cdbdec220d1e4e9c943996e19493fc8d1784731337982,HNU21019,kitattachments/20260722/SensorOriginalData/sensorData-1784731338832-92cdb370ee0b47f8b4e431358b553354.zip,1784730381000,1784731253000
F0:FA:C7:49:6A:66_1784725988_14,cdbdec220d1e4e9c943996e19493fc8d,cdbdec220d1e4e9c943996e19493fc8d1784731734583,HNU21019,kitattachments/20260722/SensorOriginalData/sensorData-1784731735405-a46925c1531541658e76de34c849d48d.zip,1784725988000,1784730380000
F0:FA:C7:49:6A:66_1784721352_13,cdbdec220d1e4e9c943996e19493fc8d,cdbdec220d1e4e9c943996e19493fc8d1784732020012,HNU21019,kitattachments/20260722/SensorOriginalData/sensorData-1784732020723-6e984647728e4979b61f4fed4056dd56.zip,1784721352000,1784725988000
F0:FA:C7:49:6A:66_1784716967_12,cdbdec220d1e4e9c943996e19493fc8d,cdbdec220d1e4e9c943996e19493fc8d1784732496648,HNU21019,kitattachments/20260722/SensorOriginalData/sensorData-1784732497725-7fe75e3892f141d0b27a17c6921c8f0f.zip,1784716967000,1784721352000
F0:FA:C7:49:6A:66_1784712578_11,cdbdec220d1e4e9c943996e19493fc8d,cdbdec220d1e4e9c943996e19493fc8d1784733002534,HNU21019,kitattachments/20260722/SensorOriginalData/sensorData-1784733003625-6c130b5d2448454888cc57d06b15d589.zip,1784712578000,1784716967000
F0:FA:C7:49:6A:66_1784708159_10,cdbdec220d1e4e9c943996e19493fc8d,cdbdec220d1e4e9c943996e19493fc8d1784733471477,HNU21019,kitattachments/20260722/SensorOriginalData/sensorData-1784733472253-fdafe6dd41fd47bcac499517750efab7.zip,1784708159000,1784712577000
F0:FA:C7:49:6A:66_1784703741_9,cdbdec220d1e4e9c943996e19493fc8d,cdbdec220d1e4e9c943996e19493fc8d1784733937074,HNU21019,kitattachments/20260722/SensorOriginalData/sensorData-1784733937779-ea248f4c51804b4183cec125288f9291.zip,1784703741000,1784708159000
F0:FA:C7:49:6A:66_1784699148_8,cdbdec220d1e4e9c943996e19493fc8d,cdbdec220d1e4e9c943996e19493fc8d1784734396787,HNU21019,kitattachments/20260722/SensorOriginalData/sensorData-1784734397866-b8d1afc373cf4cf0a9d09fdabed7d788.zip,1784699148000,1784703741000
F0:FA:C7:49:6A:66_1784694765_7,cdbdec220d1e4e9c943996e19493fc8d,cdbdec220d1e4e9c943996e19493fc8d1784734855601,HNU21019,kitattachments/20260722/SensorOriginalData/sensorData-1784734856330-c0f19846bb4e4c99ab9428598bca0634.zip,1784694765000,1784699148000
F0:FA:C7:49:6A:66_1784690021_6,cdbdec220d1e4e9c943996e19493fc8d,cdbdec220d1e4e9c943996e19493fc8d1784735320145,HNU21019,kitattachments/20260722/SensorOriginalData/sensorData-1784735320868-5743ebfdc5ca4032b754df5234b74e98.zip,1784690021000,1784694765000
F0:FA:C7:49:6A:66_1784683533_5,cdbdec220d1e4e9c943996e19493fc8d,cdbdec220d1e4e9c943996e19493fc8d1784735783068,HNU21019,kitattachments/20260722/SensorOriginalData/sensorData-1784735783754-3a4ee3619de24054946f3bec01d661e7.zip,1784683533000,1784690021000
F0:FA:C7:49:6A:66_1784642219_4,cdbdec220d1e4e9c943996e19493fc8d,cdbdec220d1e4e9c943996e19493fc8d1784684232990,HNU21019,kitattachments/20260722/SensorOriginalData/sensorData-1784684233655-52e389fac22b42fd999943c419b587dc.zip,1784642219000,1784683533000
F0:FA:C7:49:6A:66_1784637833_3,cdbdec220d1e4e9c943996e19493fc8d,cdbdec220d1e4e9c943996e19493fc8d1784684523140,HNU21019,kitattachments/20260722/SensorOriginalData/sensorData-1784684523785-95544575e9a24138854ab3e200aaa1b7.zip,1784637833000,1784642218000
F0:FA:C7:49:6A:66_1784633432_2,cdbdec220d1e4e9c943996e19493fc8d,cdbdec220d1e4e9c943996e19493fc8d1784685257215,HNU21019,kitattachments/20260722/SensorOriginalData/sensorData-1784685257475-69036d99be6e4992960a863ad1ec0ecf.zip,1784633432000,1784637833000
F0:FA:C7:49:6A:66_1784622726_1,cdbdec220d1e4e9c943996e19493fc8d,cdbdec220d1e4e9c943996e19493fc8d1784964799678,HNU21019,kitattachments/20260725/SensorOriginalData/sensorData-1784964800947-f26518c7e2404ce683ef59951f0a2093.zip,1784622726000,1784633432000
F0:FA:C7:49:69:D5_1784880787_31,31ee3811604d49f6a6221ee3164ee2a2,31ee3811604d49f6a6221ee3164ee2a21784881496744,HNU21015,kitattachments/20260724/SensorOriginalData/sensorData-1784881497161-cda73f7ff47d43be852b285e181a01f5.zip,1784880787000,1784881423000
F0:FA:C7:49:69:D5_1784874798_30,31ee3811604d49f6a6221ee3164ee2a2,31ee3811604d49f6a6221ee3164ee2a21784881865791,HNU21015,kitattachments/20260724/SensorOriginalData/sensorData-1784881866479-276bfb4afc8e45f2b5b394ddc3be457d.zip,1784874798000,1784880786000
F0:FA:C7:49:69:D5_1784870422_29,31ee3811604d49f6a6221ee3164ee2a2,31ee3811604d49f6a6221ee3164ee2a21784879334719,HNU21015,kitattachments/20260724/SensorOriginalData/sensorData-1784879335612-9ed873bbfa5e485db123df0b9a832c36.zip,1784870422000,1784874798000
F0:FA:C7:49:69:D5_1784865837_28,31ee3811604d49f6a6221ee3164ee2a2,31ee3811604d49f6a6221ee3164ee2a21784879633328,HNU21015,kitattachments/20260724/SensorOriginalData/sensorData-1784879634132-9c00dc7e9d5f4c8b9a69417d98d57e8a.zip,1784865837000,1784870422000
F0:FA:C7:49:69:D5_1784861464_27,31ee3811604d49f6a6221ee3164ee2a2,31ee3811604d49f6a6221ee3164ee2a21784879897860,HNU21015,kitattachments/20260724/SensorOriginalData/sensorData-1784879898553-e5f9c4751d7348939f3e4a8d5a8ba902.zip,1784861464000,1784865836000
F0:FA:C7:49:69:D5_1784857092_26,31ee3811604d49f6a6221ee3164ee2a2,31ee3811604d49f6a6221ee3164ee2a21784880106246,HNU21015,kitattachments/20260724/SensorOriginalData/sensorData-1784880108012-231404cf73ab4f7384883a170ab0352a.zip,1784857092000,1784861463000
F0:FA:C7:49:69:D5_1784810629_25,31ee3811604d49f6a6221ee3164ee2a2,null1784880333324,HNU21015,kitattachments/20260724/SensorOriginalData/sensorData-1784880335023-108d91060cf54a9b95c64ed6bd6bbf48.zip,1784810629000,1784857091000
F0:FA:C7:49:69:D5_1784806251_24,31ee3811604d49f6a6221ee3164ee2a2,31ee3811604d49f6a6221ee3164ee2a21784811836554,HNU21015,kitattachments/20260723/SensorOriginalData/sensorData-1784811837276-5db1cbc63b87424199c6706928aa3b58.zip,1784806251000,1784810629000
F0:FA:C7:49:69:D5_1784801618_23,31ee3811604d49f6a6221ee3164ee2a2,31ee3811604d49f6a6221ee3164ee2a21784812049768,HNU21015,kitattachments/20260723/SensorOriginalData/sensorData-1784812050866-7281e38cb476430b931a17cae37397b1.zip,1784801618000,1784806251000
F0:FA:C7:49:69:D5_1784797242_22,31ee3811604d49f6a6221ee3164ee2a2,31ee3811604d49f6a6221ee3164ee2a21784812248835,HNU21015,kitattachments/20260723/SensorOriginalData/sensorData-1784812249535-f42aa664717c440eaac52aaa739bbe1a.zip,1784797242000,1784801617000
F0:FA:C7:49:69:D5_1784792865_21,31ee3811604d49f6a6221ee3164ee2a2,31ee3811604d49f6a6221ee3164ee2a21784812444948,HNU21015,kitattachments/20260723/SensorOriginalData/sensorData-1784812445358-c5f44c21561c464ab404f669b42aa6d3.zip,1784792865000,1784797242000
F0:FA:C7:49:69:D5_1784788490_20,31ee3811604d49f6a6221ee3164ee2a2,31ee3811604d49f6a6221ee3164ee2a21784812663189,HNU21015,kitattachments/20260723/SensorOriginalData/sensorData-1784812663628-b31c781c201f46c5982604409a7ff994.zip,1784788490000,1784792865000
F0:FA:C7:49:69:D5_1784784115_19,31ee3811604d49f6a6221ee3164ee2a2,31ee3811604d49f6a6221ee3164ee2a21784812870889,HNU21015,kitattachments/20260723/SensorOriginalData/sensorData-1784812871582-99d9b0abe403477bb2000e2031b94308.zip,1784784115000,1784788489000
F0:FA:C7:49:69:D5_1784779738_18,31ee3811604d49f6a6221ee3164ee2a2,null1784813076427,HNU21015,kitattachments/20260723/SensorOriginalData/sensorData-1784813077082-7afa4600f6d0400f81e1b5c7a9a458a2.zip,1784779738000,1784784115000
F0:FA:C7:49:69:D5_1784775207_17,31ee3811604d49f6a6221ee3164ee2a2,null1784813273356,HNU21015,kitattachments/20260723/SensorOriginalData/sensorData-1784813273801-159e050987624ca097bcad333aac7e8a.zip,1784775207000,1784779738000
F0:FA:C7:49:69:D5_1784726560_16,31ee3811604d49f6a6221ee3164ee2a2,31ee3811604d49f6a6221ee3164ee2a21784727188462,HNU21015,kitattachments/20260722/SensorOriginalData/sensorData-1784727190598-a8a0063b2a874433ac667afcfbfa010e.zip,1784726560000,1784727146000
F0:FA:C7:49:69:D5_1784722186_15,31ee3811604d49f6a6221ee3164ee2a2,31ee3811604d49f6a6221ee3164ee2a21784727465351,HNU21015,kitattachments/20260722/SensorOriginalData/sensorData-1784727466079-1e2dd1d5e3174e42948ef5ab60a0b954.zip,1784722186000,1784726560000
F0:FA:C7:49:69:D5_1784717649_14,31ee3811604d49f6a6221ee3164ee2a2,31ee3811604d49f6a6221ee3164ee2a21784727660001,HNU21015,kitattachments/20260722/SensorOriginalData/sensorData-1784727660797-b89484de884e40d18cebf9071da4da4b.zip,1784717649000,1784722186000
F0:FA:C7:49:69:D5_1784713274_13,31ee3811604d49f6a6221ee3164ee2a2,31ee3811604d49f6a6221ee3164ee2a21784727894561,HNU21015,kitattachments/20260722/SensorOriginalData/sensorData-1784727895335-1d34fbbcbb05480fbd6d18dfc1ad5631.zip,1784713274000,1784717649000
F0:FA:C7:49:69:D5_1784708897_12,31ee3811604d49f6a6221ee3164ee2a2,31ee3811604d49f6a6221ee3164ee2a21784728110878,HNU21015,kitattachments/20260722/SensorOriginalData/sensorData-1784728111860-a9670e882310442998544c62dbc4851d.zip,1784708897000,1784713274000
F0:FA:C7:49:69:D5_1784704525_11,31ee3811604d49f6a6221ee3164ee2a2,31ee3811604d49f6a6221ee3164ee2a21784728342445,HNU21015,kitattachments/20260722/SensorOriginalData/sensorData-1784728343360-041a44b05db446a199c38be45f9a7d47.zip,1784704525000,1784708897000
F0:FA:C7:49:69:D5_1784700148_10,31ee3811604d49f6a6221ee3164ee2a2,31ee3811604d49f6a6221ee3164ee2a21784728576131,HNU21015,kitattachments/20260722/SensorOriginalData/sensorData-1784728577118-0feaae2516044d49bb9da6ab5133b53e.zip,1784700148000,1784704524000
F0:FA:C7:49:69:D5_1784695771_9,31ee3811604d49f6a6221ee3164ee2a2,null1784728790201,HNU21015,kitattachments/20260722/SensorOriginalData/sensorData-1784728791115-cc23349eec0545db928c202a84215280.zip,1784695771000,1784700148000
F0:FA:C7:49:69:D5_1784652011_8,31ee3811604d49f6a6221ee3164ee2a2,null1784729011170,HNU21015,kitattachments/20260722/SensorOriginalData/sensorData-1784729012073-46c2028b7ab941bc8cef52c90c6e6a68.zip,1784652011000,1784695771000
F0:FA:C7:49:69:D5_1784647637_7,31ee3811604d49f6a6221ee3164ee2a2,31ee3811604d49f6a6221ee3164ee2a21784653252318,HNU21015,kitattachments/20260722/SensorOriginalData/sensorData-1784653253737-ef3de498c15645e281dff343745b02f9.zip,1784647637000,1784652011000
F0:FA:C7:49:69:D5_1784643260_6,31ee3811604d49f6a6221ee3164ee2a2,31ee3811604d49f6a6221ee3164ee2a21784653464788,HNU21015,kitattachments/20260722/SensorOriginalData/sensorData-1784653465054-b3f1dc58b9554fb7844a336eea06b347.zip,1784643260000,1784647636000
F0:FA:C7:49:69:D5_1784638883_5,31ee3811604d49f6a6221ee3164ee2a2,31ee3811604d49f6a6221ee3164ee2a21784653677919,HNU21015,kitattachments/20260722/SensorOriginalData/sensorData-1784653678802-b44d479b5e7d4de587d4ff35f4018ad2.zip,1784638883000,1784643259000
F0:FA:C7:49:69:D5_1784634500_4,31ee3811604d49f6a6221ee3164ee2a2,31ee3811604d49f6a6221ee3164ee2a21784653879995,HNU21015,kitattachments/20260722/SensorOriginalData/sensorData-1784653880958-4e8737eb466c45b2a9bcbc6065d3d3bd.zip,1784634500000,1784638883000
F0:FA:C7:49:69:D5_1784630005_3,31ee3811604d49f6a6221ee3164ee2a2,31ee3811604d49f6a6221ee3164ee2a21784654087884,HNU21015,kitattachments/20260722/SensorOriginalData/sensorData-1784654088814-bd6e286431684b0ba0df9272bb305b6e.zip,1784630005000,1784634500000
F0:FA:C7:49:69:D5_1784625332_2,31ee3811604d49f6a6221ee3164ee2a2,31ee3811604d49f6a6221ee3164ee2a21784654300727,HNU21015,kitattachments/20260722/SensorOriginalData/sensorData-1784654301283-eab1138256c14136aec116bcc5c5400a.zip,1784625332000,1784630005000
F0:FA:C7:49:69:D5_1784620412_1,31ee3811604d49f6a6221ee3164ee2a2,null1784729221509,HNU21015,kitattachments/20260722/SensorOriginalData/sensorData-1784729222517-f2a967ea79ce4883be0d41daec505397.zip,1784620412000,1784625332000
F0:FA:C7:49:69:AF_1785166834_33,c05d4c6974e840e0a1329c11d8810578,c05d4c6974e840e0a1329c11d88105781785202871361,HNU21032,kitattachments/20260728/SensorOriginalData/sensorData-1785202872289-717620314c134ab6a17ee50a7debb5ee.zip,1785166834000,1785202428000
F0:FA:C7:49:69:AF_1785162244_32,c05d4c6974e840e0a1329c11d8810578,c05d4c6974e840e0a1329c11d88105781785170907161,HNU21032,kitattachments/20260728/SensorOriginalData/sensorData-1785170908133-6ea9bec88c4544b2ab450c83ea10aa25.zip,1785162244000,1785166834000
F0:FA:C7:49:69:AF_1785157872_31,c05d4c6974e840e0a1329c11d8810578,c05d4c6974e840e0a1329c11d88105781785171144432,HNU21032,kitattachments/20260728/SensorOriginalData/sensorData-1785171145253-489d235a194f4d8e8b28af1cebdba32e.zip,1785157872000,1785162244000
F0:FA:C7:49:69:AF_1785153498_30,c05d4c6974e840e0a1329c11d8810578,c05d4c6974e840e0a1329c11d88105781785171401653,HNU21032,kitattachments/20260728/SensorOriginalData/sensorData-1785171402618-52073b8a92eb4b778fd0a4356c4f6ce0.zip,1785153498000,1785157872000
F0:FA:C7:49:69:AF_1785149126_29,c05d4c6974e840e0a1329c11d8810578,c05d4c6974e840e0a1329c11d88105781785171770707,HNU21032,kitattachments/20260728/SensorOriginalData/sensorData-1785171771984-9e803d4c18354f048f4af2cce9e5bc1b.zip,1785149126000,1785153498000
F0:FA:C7:49:69:AF_1785144633_28,c05d4c6974e840e0a1329c11d8810578,c05d4c6974e840e0a1329c11d88105781785172060746,HNU21032,kitattachments/20260728/SensorOriginalData/sensorData-1785172061768-a5b8171597a84bc589e0e4c605a58153.zip,1785144633000,1785149126000
F0:FA:C7:49:69:AF_1785137428_27,c05d4c6974e840e0a1329c11d8810578,c05d4c6974e840e0a1329c11d88105781785172421470,HNU21032,kitattachments/20260728/SensorOriginalData/sensorData-1785172422437-e83bfe960c084539ad770e447499bd5b.zip,1785137428000,1785144633000
F0:FA:C7:49:69:AF_1785133056_26,c05d4c6974e840e0a1329c11d8810578,c05d4c6974e840e0a1329c11d88105781785172895996,HNU21032,kitattachments/20260728/SensorOriginalData/sensorData-1785172896942-ed5b2f859e834d25a0177be1987762f7.zip,1785133056000,1785137428000
F0:FA:C7:49:69:AF_1785128688_25,c05d4c6974e840e0a1329c11d8810578,c05d4c6974e840e0a1329c11d88105781785173672746,HNU21032,kitattachments/20260728/SensorOriginalData/sensorData-1785173673371-00c7490482d342e0a89bb74fb44bfa07.zip,1785128688000,1785133056000
F0:FA:C7:49:69:AF_1785124063_24,c05d4c6974e840e0a1329c11d8810578,c05d4c6974e840e0a1329c11d88105781785173828622,HNU21032,kitattachments/20260728/SensorOriginalData/sensorData-1785173829319-bb43c0fb75c34678839d44e6b6213017.zip,1785124063000,1785128688000
F0:FA:C7:49:69:AF_1785073927_23,c05d4c6974e840e0a1329c11d8810578,c05d4c6974e840e0a1329c11d88105781785173862111,HNU21032,kitattachments/20260728/SensorOriginalData/sensorData-1785173862325-602b1202f68445278ff552dffb39db6e.zip,1785073927000,1785124063000
F0:FA:C7:49:69:AF_1785069314_22,c05d4c6974e840e0a1329c11d8810578,c05d4c6974e840e0a1329c11d88105781785077409377,HNU21032,kitattachments/20260726/SensorOriginalData/sensorData-1785077410408-5cc1dcf88ba147b3b7448ac073c99147.zip,1785069314000,1785073927000
F0:FA:C7:49:69:AF_1785064820_21,c05d4c6974e840e0a1329c11d8810578,c05d4c6974e840e0a1329c11d88105781785077667756,HNU21032,kitattachments/20260726/SensorOriginalData/sensorData-1785077669166-e95a309ce40d4cfc8a63c6c316dbda49.zip,1785064820000,1785069314000
F0:FA:C7:49:69:AF_1785060205_20,c05d4c6974e840e0a1329c11d8810578,c05d4c6974e840e0a1329c11d88105781785077926920,HNU21032,kitattachments/20260726/SensorOriginalData/sensorData-1785077927867-1d227ba37ac945eebf37a6d46102c62a.zip,1785060205000,1785064820000
F0:FA:C7:49:69:AF_1785055834_19,c05d4c6974e840e0a1329c11d8810578,c05d4c6974e840e0a1329c11d88105781785078186323,HNU21032,kitattachments/20260726/SensorOriginalData/sensorData-1785078187218-90c2a351619f4927a02c3b50c69176d7.zip,1785055834000,1785060205000
F0:FA:C7:49:69:AF_1785051463_18,c05d4c6974e840e0a1329c11d8810578,c05d4c6974e840e0a1329c11d88105781785078444936,HNU21032,kitattachments/20260726/SensorOriginalData/sensorData-1785078446224-299d3d3cf85e4061801b1181c09a4424.zip,1785051463000,1785055834000
F0:FA:C7:49:69:AF_1785047092_17,c05d4c6974e840e0a1329c11d8810578,c05d4c6974e840e0a1329c11d88105781785078701245,HNU21032,kitattachments/20260726/SensorOriginalData/sensorData-1785078702147-0a2529f8d7dd4cd2a5044b6b54e53a8d.zip,1785047092000,1785051463000
F0:FA:C7:49:69:AF_1785042466_16,c05d4c6974e840e0a1329c11d8810578,c05d4c6974e840e0a1329c11d88105781785078959449,HNU21032,kitattachments/20260726/SensorOriginalData/sensorData-1785078960275-2a81795fcdbe48f5a03a85f2a835d686.zip,1785042466000,1785047092000
F0:FA:C7:49:69:AF_1785001731_15,c05d4c6974e840e0a1329c11d8810578,c05d4c6974e840e0a1329c11d88105781785079211536,HNU21032,kitattachments/20260726/SensorOriginalData/sensorData-1785079212192-452f23ef22434bc088a347d4d64fcc2b.zip,1785001731000,1785042466000
F0:FA:C7:49:69:AF_1784990973_14,c05d4c6974e840e0a1329c11d8810578,c05d4c6974e840e0a1329c11d88105781785079461357,HNU21032,kitattachments/20260726/SensorOriginalData/sensorData-1785079462038-2c80b49496b04a89aff11d4ac02c69c6.zip,1784990973000,1785001730000
F0:FA:C7:49:69:AF_1784986469_13,c05d4c6974e840e0a1329c11d8810578,c05d4c6974e840e0a1329c11d88105781784992813407,HNU21032,kitattachments/20260725/SensorOriginalData/sensorData-1784992814249-bed13aac70924bd18f3dd6c92b8823e5.zip,1784986469000,1784990973000
F0:FA:C7:49:69:AF_1784982099_12,c05d4c6974e840e0a1329c11d8810578,null1784993089823,HNU21032,kitattachments/20260725/SensorOriginalData/sensorData-1784993090784-60212aef13e34840ad3b9078542a085e.zip,1784982099000,1784986469000
F0:FA:C7:49:69:AF_1784977520_11,c05d4c6974e840e0a1329c11d8810578,null1784993348288,HNU21032,kitattachments/20260725/SensorOriginalData/sensorData-1784993349142-6cbfa594bd0842c3a025aac973220a57.zip,1784977520000,1784982099000
F0:FA:C7:49:69:AF_1784972908_10,c05d4c6974e840e0a1329c11d8810578,null1784993610364,HNU21032,kitattachments/20260725/SensorOriginalData/sensorData-1784993611174-1ae6939309a54b2c90b793f413bd5d0a.zip,1784972908000,1784977520000
F0:FA:C7:49:69:AF_1784968400_9,c05d4c6974e840e0a1329c11d8810578,null1784993869177,HNU21032,kitattachments/20260725/SensorOriginalData/sensorData-1784993870196-92edfa5a3afb4db7b56771e5d72a50f3.zip,1784968400000,1784972907000
F0:FA:C7:49:69:AF_1784963906_8,c05d4c6974e840e0a1329c11d8810578,null1784994131723,HNU21032,kitattachments/20260725/SensorOriginalData/sensorData-1784994132530-a1d5a73a83104806a957e5c357e84623.zip,1784963906000,1784968400000
F0:FA:C7:49:69:AF_1784959536_7,c05d4c6974e840e0a1329c11d8810578,null1784994390184,HNU21032,kitattachments/20260725/SensorOriginalData/sensorData-1784994390988-1e6b348130004d088a886e1f744e5d0b.zip,1784959536000,1784963906000
F0:FA:C7:49:69:AF_1784955045_6,c05d4c6974e840e0a1329c11d8810578,null1784994650528,HNU21032,kitattachments/20260725/SensorOriginalData/sensorData-1784994651445-6c9ab02b6a714806aa1387984009747d.zip,1784955045000,1784959536000
F0:FA:C7:49:69:AF_1784901765_5,c05d4c6974e840e0a1329c11d8810578,c05d4c6974e840e0a1329c11d88105781784994923032,,kitattachments/20260725/SensorOriginalData/sensorData-1784994923524-7d62a1475a744948a490dbdc177aa811.zip,1784901765000,1784955045000
F0:FA:C7:49:69:AF_1784897139_4,c05d4c6974e840e0a1329c11d8810578,c05d4c6974e840e0a1329c11d88105781784995202707,HNU21032,kitattachments/20260726/SensorOriginalData/sensorData-1784995203475-45068dab6f4c498d9921477be44cfec6.zip,1784897139000,1784901765000
F0:FA:C7:49:69:AF_1784892474_3,c05d4c6974e840e0a1329c11d8810578,c05d4c6974e840e0a1329c11d88105781784995465574,HNU21032,kitattachments/20260726/SensorOriginalData/sensorData-1784995466540-41f0157d7a8d497b9348efb1a37678d3.zip,1784892474000,1784897138000
F0:FA:C7:49:69:AF_1784888102_2,c05d4c6974e840e0a1329c11d8810578,c05d4c6974e840e0a1329c11d88105781784995728264,HNU21032,kitattachments/20260726/SensorOriginalData/sensorData-1784995729116-60771125a97449808b5d4710809c9827.zip,1784888102000,1784892474000
F0:FA:C7:49:69:AF_1784883324_1,c05d4c6974e840e0a1329c11d8810578,c05d4c6974e840e0a1329c11d88105781784995986152,HNU21032,kitattachments/20260726/SensorOriginalData/sensorData-1784995987090-bed4eb4c5a55411782cb38cc9a7eb8b5.zip,1784883324000,1784888102000
F0:FA:C7:49:69:AF_1784789920_28,eb3e1f8c9f8d434c83cdb803668f1cea,eb3e1f8c9f8d434c83cdb803668f1cea1784795215587,HNU21003,kitattachments/20260723/SensorOriginalData/sensorData-1784795216537-68e0bbd0dfc84650b2e87181d1eac1cd.zip,1784789920000,1784795007000
F0:FA:C7:49:69:AF_1784785550_27,eb3e1f8c9f8d434c83cdb803668f1cea,eb3e1f8c9f8d434c83cdb803668f1cea1784793529431,HNU21003,kitattachments/20260723/SensorOriginalData/sensorData-1784793530103-49e6cffebef64b64987aed33d9f60a0d.zip,1784785550000,1784789920000
F0:FA:C7:49:69:AF_1784781180_26,eb3e1f8c9f8d434c83cdb803668f1cea,eb3e1f8c9f8d434c83cdb803668f1cea1784794616486,HNU21003,kitattachments/20260723/SensorOriginalData/sensorData-1784794617176-59762bf0443f4297837c1416cb50ee23.zip,1784781180000,1784785550000
F0:FA:C7:49:69:AF_1784776448_25,eb3e1f8c9f8d434c83cdb803668f1cea,eb3e1f8c9f8d434c83cdb803668f1cea1784794864405,HNU21003,kitattachments/20260723/SensorOriginalData/sensorData-1784794865251-a0d8e49fb5ff4d438b7ecdf7689593a7.zip,1784776448000,1784781180000
F0:FA:C7:49:69:AF_1784772078_24,eb3e1f8c9f8d434c83cdb803668f1cea,eb3e1f8c9f8d434c83cdb803668f1cea1784795458272,HNU21003,kitattachments/20260723/SensorOriginalData/sensorData-1784795458922-89aa83fe730a49ed910cf06c0cb3513e.zip,1784772078000,1784776448000
F0:FA:C7:49:69:AF_1784723590_23,eb3e1f8c9f8d434c83cdb803668f1cea,eb3e1f8c9f8d434c83cdb803668f1cea1784795680356,HNU21003,kitattachments/20260723/SensorOriginalData/sensorData-1784795681387-2e88411442c54dc08ed02a4f62349257.zip,1784723590000,1784772078000
F0:FA:C7:49:69:AF_1784719096_22,eb3e1f8c9f8d434c83cdb803668f1cea,eb3e1f8c9f8d434c83cdb803668f1cea1784730288330,HNU21003,kitattachments/20260722/SensorOriginalData/sensorData-1784730289347-aa812773f26b4e809b771b1f52103a63.zip,1784719096000,1784723589000
F0:FA:C7:49:69:AF_1784714604_21,eb3e1f8c9f8d434c83cdb803668f1cea,eb3e1f8c9f8d434c83cdb803668f1cea1784730741921,HNU21003,kitattachments/20260722/SensorOriginalData/sensorData-1784730743112-386abf81be3b42568a9759ef339f8e76.zip,1784714604000,1784719096000
F0:FA:C7:49:69:AF_1784710236_20,eb3e1f8c9f8d434c83cdb803668f1cea,eb3e1f8c9f8d434c83cdb803668f1cea1784731184270,HNU21003,kitattachments/20260722/SensorOriginalData/sensorData-1784731185617-be773502f4b741149923a34473674249.zip,1784710236000,1784714604000
F0:FA:C7:49:69:AF_1784705866_19,eb3e1f8c9f8d434c83cdb803668f1cea,eb3e1f8c9f8d434c83cdb803668f1cea1784731641563,HNU21003,kitattachments/20260722/SensorOriginalData/sensorData-1784731642396-0050f091dc28422ead759dbc41436b23.zip,1784705866000,1784710236000
F0:FA:C7:49:69:AF_1784700057_18,eb3e1f8c9f8d434c83cdb803668f1cea,eb3e1f8c9f8d434c83cdb803668f1cea1784732087200,HNU21003,kitattachments/20260722/SensorOriginalData/sensorData-1784732088203-80c498c0d15d49e2a22fdeca6ba796ff.zip,1784700057000,1784705866000
F0:FA:C7:49:69:AF_1784695689_17,eb3e1f8c9f8d434c83cdb803668f1cea,eb3e1f8c9f8d434c83cdb803668f1cea1784732548334,HNU21003,kitattachments/20260722/SensorOriginalData/sensorData-1784732549773-46a6000058fb4e71980ae795b22ab668.zip,1784695689000,1784700057000
F0:FA:C7:49:69:AF_1784691198_16,eb3e1f8c9f8d434c83cdb803668f1cea,eb3e1f8c9f8d434c83cdb803668f1cea1784733011398,HNU21003,kitattachments/20260722/SensorOriginalData/sensorData-1784733012151-8d85fb49243146c7a89410090f4360fd.zip,1784691198000,1784695689000
F0:FA:C7:49:69:AF_1784686829_15,eb3e1f8c9f8d434c83cdb803668f1cea,eb3e1f8c9f8d434c83cdb803668f1cea1784733469988,HNU21003,kitattachments/20260722/SensorOriginalData/sensorData-1784733470767-326c237bbf8f4fe5ac3eef4e78f1ba14.zip,1784686829000,1784691198000
F0:FA:C7:49:69:AF_1784636846_14,eb3e1f8c9f8d434c83cdb803668f1cea,eb3e1f8c9f8d434c83cdb803668f1cea1784733925141,HNU21003,kitattachments/20260722/SensorOriginalData/sensorData-1784733925807-a0ca93a3c61a44c19bf0112fb68d91c0.zip,1784636846000,1784686829000
F0:FA:C7:49:69:AF_1784632460_13,eb3e1f8c9f8d434c83cdb803668f1cea,eb3e1f8c9f8d434c83cdb803668f1cea1784640485181,HNU21003,kitattachments/20260721/SensorOriginalData/sensorData-1784640486184-56d1c3438dff4b59be5cd8e6429ee91c.zip,1784632460000,1784636846000
F0:FA:C7:49:69:AF_1784627894_12,eb3e1f8c9f8d434c83cdb803668f1cea,eb3e1f8c9f8d434c83cdb803668f1cea1784640957004,HNU21003,kitattachments/20260721/SensorOriginalData/sensorData-1784640958235-cdd7d21a588d45dfbecd28b90cd50d38.zip,1784627894000,1784632460000
F0:FA:C7:49:69:AF_1784623525_11,eb3e1f8c9f8d434c83cdb803668f1cea,eb3e1f8c9f8d434c83cdb803668f1cea1784641422564,HNU21003,kitattachments/20260721/SensorOriginalData/sensorData-1784641423835-071579d8872f4f288c754aaf2d309fe9.zip,1784623525000,1784627894000
F0:FA:C7:49:69:AF_1784619152_10,eb3e1f8c9f8d434c83cdb803668f1cea,eb3e1f8c9f8d434c83cdb803668f1cea1784641882541,HNU21003,kitattachments/20260721/SensorOriginalData/sensorData-1784641883554-2ca36a9a677741a3adc8ce924481e389.zip,1784619152000,1784623524000
F0:FA:C7:49:69:AF_1784614782_9,eb3e1f8c9f8d434c83cdb803668f1cea,eb3e1f8c9f8d434c83cdb803668f1cea1784642336219,HNU21003,kitattachments/20260721/SensorOriginalData/sensorData-1784642337087-9651822e75ef4c7596b375147a136c66.zip,1784614782000,1784619152000
F0:FA:C7:49:69:AF_1784610413_8,eb3e1f8c9f8d434c83cdb803668f1cea,eb3e1f8c9f8d434c83cdb803668f1cea1784642805959,HNU21003,kitattachments/20260721/SensorOriginalData/sensorData-1784642807367-469e9e16a37b41068f11a015fdb6f3d7.zip,1784610413000,1784614782000
F0:FA:C7:49:69:AF_1784606042_7,eb3e1f8c9f8d434c83cdb803668f1cea,eb3e1f8c9f8d434c83cdb803668f1cea1784643261283,HNU21003,kitattachments/20260721/SensorOriginalData/sensorData-1784643262264-1977e504106645dc8c327dc3186c2662.zip,1784606042000,1784610413000
F0:FA:C7:49:69:AF_1784601468_6,eb3e1f8c9f8d434c83cdb803668f1cea,eb3e1f8c9f8d434c83cdb803668f1cea1784643715035,HNU21003,kitattachments/20260721/SensorOriginalData/sensorData-1784643716053-b9bf48fe4dfd415b992e003ccdeac4a2.zip,1784601468000,1784606042000
F0:FA:C7:49:69:AF_1784555245_5,eb3e1f8c9f8d434c83cdb803668f1cea,eb3e1f8c9f8d434c83cdb803668f1cea1784644162978,HNU21003,kitattachments/20260721/SensorOriginalData/sensorData-1784644164335-3a0662883fc544bf9de8e8ac71eda8b7.zip,1784555245000,1784601468000
F0:FA:C7:49:69:AF_1784550874_4,eb3e1f8c9f8d434c83cdb803668f1cea,eb3e1f8c9f8d434c83cdb803668f1cea1784557892909,HNU21003,kitattachments/20260720/SensorOriginalData/sensorData-1784557893629-3d00f9218b844046963251ff74dd3f00.zip,1784550874000,1784555245000
F0:FA:C7:49:69:AF_1784545031_3,eb3e1f8c9f8d434c83cdb803668f1cea,eb3e1f8c9f8d434c83cdb803668f1cea1784558342282,HNU21003,kitattachments/20260720/SensorOriginalData/sensorData-1784558343039-5af8f0248fe04ca588d398216c5ed81d.zip,1784545031000,1784550874000
F0:FA:C7:49:69:AF_1784540256_2,eb3e1f8c9f8d434c83cdb803668f1cea,eb3e1f8c9f8d434c83cdb803668f1cea1784558794387,HNU21003,kitattachments/20260720/SensorOriginalData/sensorData-1784558795352-7129486ba5f7464db908469b12881e57.zip,1784540256000,1784545031000
F0:FA:C7:49:69:AF_1784535545_1,eb3e1f8c9f8d434c83cdb803668f1cea,eb3e1f8c9f8d434c83cdb803668f1cea1784559242999,HNU21003,kitattachments/20260720/SensorOriginalData/sensorData-1784559243716-f1583a21a914450d8a7dbe5ff9bed9f3.zip,1784535545000,1784540256000
F0:FA:C7:49:69:AF_1784472633_2,bb7d64fdd0ff4dab88ea1e87c275f500,bb7d64fdd0ff4dab88ea1e87c275f5001784512883900,test,kitattachments/20260720/SensorOriginalData/sensorData-1784512884848-1d3d0d4589494e78b569362a1b7ad65f.zip,1784472633000,1784512503000
F0:FA:C7:49:69:AF_1784467899_1,bb7d64fdd0ff4dab88ea1e87c275f500,bb7d64fdd0ff4dab88ea1e87c275f5001784512903507,test,kitattachments/20260720/SensorOriginalData/sensorData-1784512903884-8d24f7ebf79b48a0b2c264768b610a59.zip,1784467899000,1784472633000
F0:FA:C7:49:69:9A_1785143602_28,7af8278c162b4b69b9993ee90a217721,7af8278c162b4b69b9993ee90a2177211785144706892,HNU21028,kitattachments/20260727/SensorOriginalData/sensorData-1785144707531-75cb1a024dea4b6b8d9d0bd10c4466ef.zip,1785143602000,1785144595000
F0:FA:C7:49:69:9A_1785139201_27,7af8278c162b4b69b9993ee90a217721,7af8278c162b4b69b9993ee90a2177211785145161254,HNU21028,kitattachments/20260727/SensorOriginalData/sensorData-1785145162323-4925a9e9f23841dbab4902382ada58f1.zip,1785139201000,1785143602000
F0:FA:C7:49:69:9A_1785134801_26,7af8278c162b4b69b9993ee90a217721,7af8278c162b4b69b9993ee90a2177211785145465099,HNU21028,kitattachments/20260727/SensorOriginalData/sensorData-1785145465818-7207021e674c4d1f9ec2922a26945010.zip,1785134801000,1785139201000
F0:FA:C7:49:69:9A_1785130398_25,7af8278c162b4b69b9993ee90a217721,7af8278c162b4b69b9993ee90a2177211785145770731,HNU21028,kitattachments/20260727/SensorOriginalData/sensorData-1785145771397-c367b7f9f8d84f5282176ab6bd0c002f.zip,1785130398000,1785134801000
F0:FA:C7:49:69:9A_1785125997_24,7af8278c162b4b69b9993ee90a217721,7af8278c162b4b69b9993ee90a2177211785146073065,HNU21028,kitattachments/20260727/SensorOriginalData/sensorData-1785146073785-b41b8ef7ee9143a6a4f708b2e3ce4be7.zip,1785125997000,1785130397000
F0:FA:C7:49:69:9A_1785121262_23,7af8278c162b4b69b9993ee90a217721,7af8278c162b4b69b9993ee90a2177211785146375304,HNU21028,kitattachments/20260727/SensorOriginalData/sensorData-1785146376317-cba0fd3bfbf249a29fae1d8779fa1f11.zip,1785121262000,1785125996000
F0:FA:C7:49:69:9A_1785068686_22,7af8278c162b4b69b9993ee90a217721,7af8278c162b4b69b9993ee90a2177211785069514720,HNU21028,kitattachments/20260726/SensorOriginalData/sensorData-1785069516135-45615ea3ae464c4684beafccbbe17c02.zip,1785068686000,1785069324000
F0:FA:C7:49:69:9A_1785064161_21,7af8278c162b4b69b9993ee90a217721,7af8278c162b4b69b9993ee90a2177211785070123668,HNU21028,kitattachments/20260726/SensorOriginalData/sensorData-1785070124906-7be42b88ebaf4f3ca2289c61fe2342c3.zip,1785064161000,1785068685000
F0:FA:C7:49:69:9A_1785059761_20,7af8278c162b4b69b9993ee90a217721,7af8278c162b4b69b9993ee90a2177211785070568800,HNU21028,kitattachments/20260726/SensorOriginalData/sensorData-1785070570534-bfe46ca3e9fc4243bba0568916363482.zip,1785059761000,1785064161000
F0:FA:C7:49:69:9A_1785055359_19,7af8278c162b4b69b9993ee90a217721,7af8278c162b4b69b9993ee90a2177211785071011420,HNU21028,kitattachments/20260726/SensorOriginalData/sensorData-1785071012891-666f72570a174f49a6545b74ac29c8f9.zip,1785055359000,1785059761000
F0:FA:C7:49:69:9A_1785050956_18,7af8278c162b4b69b9993ee90a217721,7af8278c162b4b69b9993ee90a2177211785071456798,HNU21028,kitattachments/20260726/SensorOriginalData/sensorData-1785071457962-99e3bc49a74a4c149242e6e87260f152.zip,1785050956000,1785055359000
F0:FA:C7:49:69:9A_1785046258_17,7af8278c162b4b69b9993ee90a217721,7af8278c162b4b69b9993ee90a2177211785071904041,HNU21028,kitattachments/20260726/SensorOriginalData/sensorData-1785071905650-181d12e21012405f9a9b66c1d1b8e917.zip,1785046258000,1785050956000
F0:FA:C7:49:69:9A_1785041856_16,7af8278c162b4b69b9993ee90a217721,7af8278c162b4b69b9993ee90a2177211785077138805,HNU21028,kitattachments/20260726/SensorOriginalData/sensorData-1785077140033-e7aace5c0f634697be5fa8ba437a5a1d.zip,1785041856000,1785046258000
F0:FA:C7:49:69:9A_1785037444_15,7af8278c162b4b69b9993ee90a217721,7af8278c162b4b69b9993ee90a2177211785072792350,HNU21028,kitattachments/20260726/SensorOriginalData/sensorData-1785072794171-2586e9533e0344c1a90435c1a8398f4d.zip,1785037444000,1785041856000
F0:FA:C7:49:69:9A_1784988123_14,7af8278c162b4b69b9993ee90a217721,7af8278c162b4b69b9993ee90a2177211785073240201,HNU21028,kitattachments/20260726/SensorOriginalData/sensorData-1785073241620-9b8caa1177df401584c9a4d2eda5f7f1.zip,1784988123000,1785037444000
F0:FA:C7:49:69:9A_1784973932_13,7af8278c162b4b69b9993ee90a217721,7af8278c162b4b69b9993ee90a2177211785073685027,HNU21028,kitattachments/20260726/SensorOriginalData/sensorData-1785073686257-0e961ca1666d43bf803a8d8194c69bbf.zip,1784973932000,1784988123000
F0:FA:C7:49:69:9A_1784969410_12,7af8278c162b4b69b9993ee90a217721,7af8278c162b4b69b9993ee90a2177211784978564745,HNU21028,kitattachments/20260725/SensorOriginalData/sensorData-1784978565837-c7f2f87be5754baf8305a6117d19bf00.zip,1784969410000,1784973932000
F0:FA:C7:49:69:9A_1784964889_11,7af8278c162b4b69b9993ee90a217721,7af8278c162b4b69b9993ee90a2177211784979011448,HNU21028,kitattachments/20260725/SensorOriginalData/sensorData-1784979012596-aa6b428105364a3784db3e7450d6b761.zip,1784964889000,1784969410000
F0:FA:C7:49:69:9A_1784960487_10,7af8278c162b4b69b9993ee90a217721,7af8278c162b4b69b9993ee90a2177211784979459322,HNU21028,kitattachments/20260725/SensorOriginalData/sensorData-1784979460329-dc4e753cf2c4406f88c41721c876519e.zip,1784960487000,1784964889000
F0:FA:C7:49:69:9A_1784956086_9,7af8278c162b4b69b9993ee90a217721,7af8278c162b4b69b9993ee90a2177211784979934359,HNU21028,kitattachments/20260725/SensorOriginalData/sensorData-1784979935773-2d1ab0dc25ca49dfbe3baeec12a5fef6.zip,1784956086000,1784960487000
F0:FA:C7:49:69:9A_1784951432_8,7af8278c162b4b69b9993ee90a217721,7af8278c162b4b69b9993ee90a2177211784980394809,HNU21028,kitattachments/20260725/SensorOriginalData/sensorData-1784980396575-68e0038dd4c247969b5335385071b7bb.zip,1784951432000,1784956086000
F0:FA:C7:49:69:9A_1784946909_7,7af8278c162b4b69b9993ee90a217721,7af8278c162b4b69b9993ee90a2177211784980871007,HNU21028,kitattachments/20260725/SensorOriginalData/sensorData-1784980872405-ab472deb4e85428a8db9106f321564e6.zip,1784946909000,1784951432000
F0:FA:C7:49:69:9A_1784903396_6,7af8278c162b4b69b9993ee90a217721,7af8278c162b4b69b9993ee90a2177211784981365222,HNU21028,kitattachments/20260725/SensorOriginalData/sensorData-1784981366757-bd7f1af844ec4349bdf4abf44ca71dee.zip,1784903396000,1784946909000
F0:FA:C7:49:69:9A_1784898979_5,7af8278c162b4b69b9993ee90a217721,7af8278c162b4b69b9993ee90a2177211784905050738,HNU21028,kitattachments/20260724/SensorOriginalData/sensorData-1784905051319-c3669862f4bc44e39753e98a477a7ac6.zip,1784898979000,1784903396000
F0:FA:C7:49:69:9A_1784894579_4,7af8278c162b4b69b9993ee90a217721,7af8278c162b4b69b9993ee90a2177211784905353813,HNU21028,kitattachments/20260724/SensorOriginalData/sensorData-1784905354429-812a915141224423ac4dd32a1a5dfe90.zip,1784894579000,1784898979000
F0:FA:C7:49:69:9A_1784889564_3,7af8278c162b4b69b9993ee90a217721,7af8278c162b4b69b9993ee90a2177211784905668405,HNU21028,kitattachments/20260724/SensorOriginalData/sensorData-1784905669476-5c74969203ac44a983ce239b1bda1b13.zip,1784889564000,1784894579000
F0:FA:C7:49:69:9A_1784884737_2,7af8278c162b4b69b9993ee90a217721,7af8278c162b4b69b9993ee90a2177211784906055028,HNU21028,kitattachments/20260724/SensorOriginalData/sensorData-1784906055970-3fb2dda2f06a4f0cb1243afb59b37ed6.zip,1784884737000,1784889564000
F0:FA:C7:49:69:9A_1784879860_1,7af8278c162b4b69b9993ee90a217721,7af8278c162b4b69b9993ee90a2177211784906935325,HNU21028,kitattachments/20260724/SensorOriginalData/sensorData-1784906936024-ab928e6012cf41598e42f44f104cb27a.zip,1784879860000,1784884737000
F0:FA:C7:49:69:9A_1784804517_33,bb7d64fdd0ff4dab88ea1e87c275f500,bb7d64fdd0ff4dab88ea1e87c275f5001784813027062,HNU21001,kitattachments/20260723/SensorOriginalData/sensorData-1784813027844-0513ae9fcfd84a0cb4a01205ede38848.zip,1784804517000,1784808816000
F0:FA:C7:49:69:9A_1784797124_32,bb7d64fdd0ff4dab88ea1e87c275f500,bb7d64fdd0ff4dab88ea1e87c275f5001784813271357,HNU21001,kitattachments/20260723/SensorOriginalData/sensorData-1784813272043-74f9c957bab2488294d3affac3f84595.zip,1784797124000,1784804517000
F0:FA:C7:49:69:9A_1784792141_31,bb7d64fdd0ff4dab88ea1e87c275f500,bb7d64fdd0ff4dab88ea1e87c275f5001784799579058,HNU21001,kitattachments/20260723/SensorOriginalData/sensorData-1784799579560-df0f305778c44c4f8c99b1ee123529c4.zip,1784792141000,1784797124000
F0:FA:C7:49:69:9A_1784783341_29,bb7d64fdd0ff4dab88ea1e87c275f500,bb7d64fdd0ff4dab88ea1e87c275f5001784800021611,HNU21001,kitattachments/20260723/SensorOriginalData/sensorData-1784800022423-0cc9109af0234a45a73d2499dd42a18a.zip,1784783341000,1784787739000
F0:FA:C7:49:69:9A_1784778817_28,bb7d64fdd0ff4dab88ea1e87c275f500,bb7d64fdd0ff4dab88ea1e87c275f5001784800263007,HNU21001,kitattachments/20260723/SensorOriginalData/sensorData-1784800263826-e6e1c2aec17042b7b262c86b29914676.zip,1784778817000,1784783341000
F0:FA:C7:49:69:9A_1784774417_27,bb7d64fdd0ff4dab88ea1e87c275f500,bb7d64fdd0ff4dab88ea1e87c275f5001784800539046,HNU21001,kitattachments/20260723/SensorOriginalData/sensorData-1784800540323-ffc931acd89f4275888b30b88093ac22.zip,1784774417000,1784778817000
F0:FA:C7:49:69:9A_1784728858_26,bb7d64fdd0ff4dab88ea1e87c275f500,null1784800753850,HNU21001,kitattachments/20260723/SensorOriginalData/sensorData-1784800754627-c18f656150af47acbaa0804fa331110e.zip,1784728858000,1784774416000
F0:FA:C7:49:69:9A_1784724456_25,bb7d64fdd0ff4dab88ea1e87c275f500,bb7d64fdd0ff4dab88ea1e87c275f5001784729598916,HNU21001,kitattachments/20260722/SensorOriginalData/sensorData-1784729599616-57efabe9ad4a418eac11f38f2e2d3ba6.zip,1784724456000,1784728858000
F0:FA:C7:49:69:9A_1784720052_24,bb7d64fdd0ff4dab88ea1e87c275f500,bb7d64fdd0ff4dab88ea1e87c275f5001784729841732,HNU21001,kitattachments/20260722/SensorOriginalData/sensorData-1784729842299-3d66840a397647878d9f9e80fc2fb03d.zip,1784720052000,1784724456000
F0:FA:C7:49:69:9A_1784715649_23,bb7d64fdd0ff4dab88ea1e87c275f500,bb7d64fdd0ff4dab88ea1e87c275f5001784730066488,HNU21001,kitattachments/20260722/SensorOriginalData/sensorData-1784730067368-814540dbca08452aac42292e48716a5a.zip,1784715649000,1784720052000
F0:FA:C7:49:69:9A_1784711114_22,bb7d64fdd0ff4dab88ea1e87c275f500,bb7d64fdd0ff4dab88ea1e87c275f5001784730255617,HNU21001,kitattachments/20260722/SensorOriginalData/sensorData-1784730256405-6d0cc7858597438299ce685b7b0fca1e.zip,1784711114000,1784715649000
F0:FA:C7:49:69:9A_1784706710_21,bb7d64fdd0ff4dab88ea1e87c275f500,bb7d64fdd0ff4dab88ea1e87c275f5001784730412018,HNU21001,kitattachments/20260722/SensorOriginalData/sensorData-1784730412756-137d4441bf824847961cb9e6d4a33fb7.zip,1784706710000,1784711114000
F0:FA:C7:49:69:9A_1784702307_20,bb7d64fdd0ff4dab88ea1e87c275f500,bb7d64fdd0ff4dab88ea1e87c275f5001784730555937,HNU21001,kitattachments/20260722/SensorOriginalData/sensorData-1784730556669-699c1d3115d24280afb56618f93173fd.zip,1784702307000,1784706710000
F0:FA:C7:49:69:9A_1784697910_19,bb7d64fdd0ff4dab88ea1e87c275f500,null1784730771815,HNU21001,kitattachments/20260722/SensorOriginalData/sensorData-1784730772613-3324ba0fa002449a8e1bb6f8d5aeeec3.zip,1784697910000,1784702307000
F0:FA:C7:49:69:9A_1784693429_18,bb7d64fdd0ff4dab88ea1e87c275f500,null1784730959959,HNU21001,kitattachments/20260722/SensorOriginalData/sensorData-1784730960744-dac4324d45f149f1a48a6a6d0a05c4bd.zip,1784693429000,1784697909000
F0:FA:C7:49:69:9A_1784688840_17,bb7d64fdd0ff4dab88ea1e87c275f500,null1784731172986,HNU21001,kitattachments/20260722/SensorOriginalData/sensorData-1784731173933-2734dc13d1e74a7091283d4016adc847.zip,1784688840000,1784693429000
F0:FA:C7:49:69:9A_1784642745_16,bb7d64fdd0ff4dab88ea1e87c275f500,null1784731353775,HNU21001,kitattachments/20260722/SensorOriginalData/sensorData-1784731354853-5805eceffb904afda18930bf98bebe5c.zip,1784642745000,1784688840000
F0:FA:C7:49:69:9A_1784638315_15,bb7d64fdd0ff4dab88ea1e87c275f500,bb7d64fdd0ff4dab88ea1e87c275f5001784643109134,HNU21001,kitattachments/20260721/SensorOriginalData/sensorData-1784643109648-978263418a19451eb24d7fd2b6073b24.zip,1784638315000,1784642745000
F0:FA:C7:49:69:9A_1784633911_14,bb7d64fdd0ff4dab88ea1e87c275f500,bb7d64fdd0ff4dab88ea1e87c275f5001784643318434,HNU21001,kitattachments/20260721/SensorOriginalData/sensorData-1784643318957-0dd20230d092408e8f19eb57abff1ec6.zip,1784633911000,1784638315000
F0:FA:C7:49:69:9A_1784629258_13,bb7d64fdd0ff4dab88ea1e87c275f500,bb7d64fdd0ff4dab88ea1e87c275f5001784643518985,HNU21001,kitattachments/20260721/SensorOriginalData/sensorData-1784643519450-40061b32d0304863a330f0cc6e57d1e3.zip,1784629258000,1784633911000
F0:FA:C7:49:69:9A_1784624856_12,bb7d64fdd0ff4dab88ea1e87c275f500,bb7d64fdd0ff4dab88ea1e87c275f5001784643715040,HNU21001,kitattachments/20260721/SensorOriginalData/sensorData-1784643715605-09d3ba1b609d44ae9ca0f77eda4e1eb4.zip,1784624856000,1784629258000
F0:FA:C7:49:69:9A_1784620456_11,bb7d64fdd0ff4dab88ea1e87c275f500,bb7d64fdd0ff4dab88ea1e87c275f5001784643911772,HNU21001,kitattachments/20260721/SensorOriginalData/sensorData-1784643912288-ca9be9687d574f7190f1109a10c198c6.zip,1784620456000,1784624856000
F0:FA:C7:49:69:9A_1784615674_10,bb7d64fdd0ff4dab88ea1e87c275f500,bb7d64fdd0ff4dab88ea1e87c275f5001784644097560,HNU21001,kitattachments/20260721/SensorOriginalData/sensorData-1784644098339-1b91b884187d4ddda59dcbd702dcbbc0.zip,1784615674000,1784620455000
F0:FA:C7:49:69:9A_1784611274_9,bb7d64fdd0ff4dab88ea1e87c275f500,null1784644324281,HNU21001,kitattachments/20260721/SensorOriginalData/sensorData-1784644324822-a7271b8fe4fc42b881f113930d817dea.zip,1784611274000,1784615674000
F0:FA:C7:49:69:9A_1784606869_8,bb7d64fdd0ff4dab88ea1e87c275f500,null1784644504005,HNU21001,kitattachments/20260721/SensorOriginalData/sensorData-1784644504583-e0e3f4ce61474f73844e02acead474d1.zip,1784606869000,1784611273000
F0:FA:C7:49:69:9A_1784602226_7,bb7d64fdd0ff4dab88ea1e87c275f500,null1784644715737,HNU21001,kitattachments/20260721/SensorOriginalData/sensorData-1784644716219-80bebce398d1415fb1cc105093d62968.zip,1784602226000,1784606869000
F0:FA:C7:49:69:9A_1784557121_6,bb7d64fdd0ff4dab88ea1e87c275f500,null1784644887818,HNU21001,kitattachments/20260721/SensorOriginalData/sensorData-1784644888384-2089891cb6ac4cb5bdc726d90d10fa62.zip,1784557121000,1784602226000
F0:FA:C7:49:69:9A_1784552718_5,bb7d64fdd0ff4dab88ea1e87c275f500,bb7d64fdd0ff4dab88ea1e87c275f5001784557419958,HNU21001,kitattachments/20260720/SensorOriginalData/sensorData-1784557420727-0d3173bc005b4fc2ace0e8975005334a.zip,1784552718000,1784557121000
F0:FA:C7:49:69:9A_1784548112_4,bb7d64fdd0ff4dab88ea1e87c275f500,bb7d64fdd0ff4dab88ea1e87c275f5001784557646123,HNU21001,kitattachments/20260720/SensorOriginalData/sensorData-1784557646927-5ae9115492564be5a6811ddf0a71a002.zip,1784548112000,1784552718000
F0:FA:C7:49:69:9A_1784543466_3,bb7d64fdd0ff4dab88ea1e87c275f500,bb7d64fdd0ff4dab88ea1e87c275f5001784557836059,HNU21001,kitattachments/20260720/SensorOriginalData/sensorData-1784557836996-554d163b3e7a4b9a91f34b9d34d56a04.zip,1784543466000,1784548112000
F0:FA:C7:49:69:9A_1784539064_2,bb7d64fdd0ff4dab88ea1e87c275f500,bb7d64fdd0ff4dab88ea1e87c275f5001784558058368,HNU21001,kitattachments/20260720/SensorOriginalData/sensorData-1784558059233-d8357c9a9ed348aaafaa5f52f6d32f85.zip,1784539064000,1784543466000
F0:FA:C7:49:69:9A_1784534535_1,bb7d64fdd0ff4dab88ea1e87c275f500,bb7d64fdd0ff4dab88ea1e87c275f5001784558237205,HNU21001,kitattachments/20260720/SensorOriginalData/sensorData-1784558238298-829d5bae3c7943cf8e8c13902ca667e5.zip,1784534535000,1784539064000
F0:FA:C7:49:69:90_1785150921_38,7af8278c162b4b69b9993ee90a217721,7af8278c162b4b69b9993ee90a2177211785152459015,HNU21029,kitattachments/20260727/SensorOriginalData/sensorData-1785152460067-443da0786d1b41e9ac27f316272bc4f0.zip,1785150921000,1785152251000
F0:FA:C7:49:69:90_1785145628_37,7af8278c162b4b69b9993ee90a217721,7af8278c162b4b69b9993ee90a2177211785152872083,HNU21029,kitattachments/20260727/SensorOriginalData/sensorData-1785152873045-8fddcace067946c5a0fdb93e26a9e9f2.zip,1785145628000,1785150921000
F0:FA:C7:49:69:90_1785141232_36,7af8278c162b4b69b9993ee90a217721,7af8278c162b4b69b9993ee90a2177211785149808519,HNU21029,kitattachments/20260727/SensorOriginalData/sensorData-1785149809349-6db9911a93494e7f9c44bd4328c7bb1d.zip,1785141232000,1785145628000
F0:FA:C7:49:69:90_1785136838_35,7af8278c162b4b69b9993ee90a217721,7af8278c162b4b69b9993ee90a2177211785150041644,HNU21029,kitattachments/20260727/SensorOriginalData/sensorData-1785150042561-7a8f0c14df6b4a4eb7664daccebce9df.zip,1785136838000,1785141232000
F0:FA:C7:49:69:90_1785132443_34,7af8278c162b4b69b9993ee90a217721,7af8278c162b4b69b9993ee90a2177211785152950574,HNU21029,kitattachments/20260727/SensorOriginalData/sensorData-1785152951436-9098d95bb65a430c8c36e177753c90d5.zip,1785132443000,1785136838000
F0:FA:C7:49:69:90_1785128048_33,7af8278c162b4b69b9993ee90a217721,7af8278c162b4b69b9993ee90a2177211785153087087,HNU21029,kitattachments/20260727/SensorOriginalData/sensorData-1785153088383-6f83ab4d89a14d4bb2e48dab20eb7386.zip,1785128048000,1785132443000
F0:FA:C7:49:69:90_1785123655_32,7af8278c162b4b69b9993ee90a217721,7af8278c162b4b69b9993ee90a2177211785153365403,HNU21029,kitattachments/20260727/SensorOriginalData/sensorData-1785153368339-1f31f6808b744c3c93fc04e8ce836c23.zip,1785123655000,1785128048000
F0:FA:C7:49:69:90_1785119262_31,7af8278c162b4b69b9993ee90a217721,7af8278c162b4b69b9993ee90a2177211785153702156,HNU21029,kitattachments/20260727/SensorOriginalData/sensorData-1785153703326-5c6c313542954627829a6d4cc61496f2.zip,1785119262000,1785123655000
F0:FA:C7:49:69:90_1785072870_30,7af8278c162b4b69b9993ee90a217721,7af8278c162b4b69b9993ee90a2177211785153879464,HNU21029,kitattachments/20260727/SensorOriginalData/sensorData-1785153880714-9d256edd5c6049ac9bf2842af059280c.zip,1785072870000,1785119262000
F0:FA:C7:49:69:90_1785068356_29,7af8278c162b4b69b9993ee90a217721,7af8278c162b4b69b9993ee90a2177211785077750081,HNU21029,kitattachments/20260726/SensorOriginalData/sensorData-1785077750701-d29cc0d6c10e4a8bb9b3bdcc0d9be8e4.zip,1785068356000,1785072870000
F0:FA:C7:49:69:90_1785063963_28,7af8278c162b4b69b9993ee90a217721,7af8278c162b4b69b9993ee90a2177211785077927050,HNU21029,kitattachments/20260726/SensorOriginalData/sensorData-1785077927785-24c235d36fc7473ca668c7d3bf6a0e2d.zip,1785063963000,1785068356000
F0:FA:C7:49:69:90_1785059569_27,7af8278c162b4b69b9993ee90a217721,7af8278c162b4b69b9993ee90a2177211785078113089,HNU21029,kitattachments/20260726/SensorOriginalData/sensorData-1785078113526-15f623c3acbd40ea93e41354a8ba2e9d.zip,1785059569000,1785063963000
F0:FA:C7:49:69:90_1785055174_26,7af8278c162b4b69b9993ee90a217721,7af8278c162b4b69b9993ee90a2177211785078298142,HNU21029,kitattachments/20260726/SensorOriginalData/sensorData-1785078299189-7044dd8c771c491c967f100ab90969d0.zip,1785055174000,1785059569000
F0:FA:C7:49:69:90_1785050782_25,7af8278c162b4b69b9993ee90a217721,7af8278c162b4b69b9993ee90a2177211785078480705,HNU21029,kitattachments/20260726/SensorOriginalData/sensorData-1785078481289-f6543bd6da374224bc57f65d6ef9304d.zip,1785050782000,1785055174000
F0:FA:C7:49:69:90_1785046388_24,7af8278c162b4b69b9993ee90a217721,7af8278c162b4b69b9993ee90a2177211785078663613,HNU21029,kitattachments/20260726/SensorOriginalData/sensorData-1785078664381-a65f314973b1465ebef65fbf451d2d33.zip,1785046388000,1785050782000
F0:FA:C7:49:69:90_1785041993_23,7af8278c162b4b69b9993ee90a217721,7af8278c162b4b69b9993ee90a2177211785078855569,HNU21029,kitattachments/20260726/SensorOriginalData/sensorData-1785078856380-6a3929f4c48146d29e7d8d1a468218a0.zip,1785041993000,1785046388000
F0:FA:C7:49:69:90_1785037478_22,7af8278c162b4b69b9993ee90a217721,7af8278c162b4b69b9993ee90a2177211785079026150,HNU21029,kitattachments/20260726/SensorOriginalData/sensorData-1785079026737-7bc13eb20220403d98977e7a8d86e563.zip,1785037478000,1785041993000
F0:FA:C7:49:69:90_1785033084_21,7af8278c162b4b69b9993ee90a217721,7af8278c162b4b69b9993ee90a2177211785079209030,HNU21029,kitattachments/20260726/SensorOriginalData/sensorData-1785079209832-0b2ee9a4f3ae4e0c904dcc638088eca7.zip,1785033084000,1785037478000
F0:FA:C7:49:69:90_1785028684_20,7af8278c162b4b69b9993ee90a217721,7af8278c162b4b69b9993ee90a2177211785079388109,HNU21029,kitattachments/20260726/SensorOriginalData/sensorData-1785079389099-b743c1768d1f414badba7fcf78104c31.zip,1785028684000,1785033083000
F0:FA:C7:49:69:90_1785024294_19,7af8278c162b4b69b9993ee90a217721,7af8278c162b4b69b9993ee90a2177211785079570261,HNU21029,kitattachments/20260726/SensorOriginalData/sensorData-1785079570742-d828254fe1df4119ad36c93f51dc842e.zip,1785024294000,1785028684000
F0:FA:C7:49:69:90_1784984956_18,7af8278c162b4b69b9993ee90a217721,7af8278c162b4b69b9993ee90a2177211785079752657,HNU21029,kitattachments/20260726/SensorOriginalData/sensorData-1785079753543-5cdf304c7c054f6cb8be78069c98d8f8.zip,1784984956000,1785024294000
F0:FA:C7:49:69:90_1784980547_17,7af8278c162b4b69b9993ee90a217721,7af8278c162b4b69b9993ee90a2177211784989891563,HNU21029,kitattachments/20260725/SensorOriginalData/sensorData-1784989892208-cd4bc6c2573c4de3ba1cfb5a418d3d61.zip,1784980547000,1784984956000
F0:FA:C7:49:69:90_1784976030_16,7af8278c162b4b69b9993ee90a217721,7af8278c162b4b69b9993ee90a2177211784990145340,HNU21029,kitattachments/20260725/SensorOriginalData/sensorData-1784990146021-587efb69a3a94ec396583c6ed43687ca.zip,1784976030000,1784980547000
F0:FA:C7:49:69:90_1784971637_15,7af8278c162b4b69b9993ee90a217721,7af8278c162b4b69b9993ee90a2177211784990368548,HNU21029,kitattachments/20260725/SensorOriginalData/sensorData-1784990369173-e28fdf40db7549c3a365b2d8873328b5.zip,1784971637000,1784976030000
F0:FA:C7:49:69:90_1784967019_14,7af8278c162b4b69b9993ee90a217721,7af8278c162b4b69b9993ee90a2177211784990588720,HNU21029,kitattachments/20260725/SensorOriginalData/sensorData-1784990589755-2e186e5f90d14b49893aac8f7d222567.zip,1784967019000,1784971636000
F0:FA:C7:49:69:90_1784962626_13,7af8278c162b4b69b9993ee90a217721,7af8278c162b4b69b9993ee90a2177211784990817588,HNU21029,kitattachments/20260725/SensorOriginalData/sensorData-1784990818189-01061e8d648249f893fe052084590429.zip,1784962626000,1784967019000
F0:FA:C7:49:69:90_1784958230_12,7af8278c162b4b69b9993ee90a217721,7af8278c162b4b69b9993ee90a2177211784991038500,HNU21029,kitattachments/20260725/SensorOriginalData/sensorData-1784991039576-f37650a8808d41dea629031ea1931128.zip,1784958230000,1784962626000
F0:FA:C7:49:69:90_1784953837_11,7af8278c162b4b69b9993ee90a217721,7af8278c162b4b69b9993ee90a2177211784991237051,HNU21029,kitattachments/20260725/SensorOriginalData/sensorData-1784991237919-4f000f7684444beba4daea2895c58bd9.zip,1784953837000,1784958230000
F0:FA:C7:49:69:90_1784949122_10,7af8278c162b4b69b9993ee90a217721,7af8278c162b4b69b9993ee90a2177211784991520165,HNU21029,kitattachments/20260725/SensorOriginalData/sensorData-1784991520997-dc7b80b2552b414aa8f2bad826b062bc.zip,1784949122000,1784953837000
F0:FA:C7:49:69:90_1784944728_9,7af8278c162b4b69b9993ee90a217721,7af8278c162b4b69b9993ee90a2177211784991732941,HNU21029,kitattachments/20260725/SensorOriginalData/sensorData-1784991737097-be6c7ab12fd64c92b819f3f0cdd493df.zip,1784944728000,1784949121000
F0:FA:C7:49:69:90_1784940334_8,7af8278c162b4b69b9993ee90a217721,7af8278c162b4b69b9993ee90a2177211784992085723,HNU21029,kitattachments/20260725/SensorOriginalData/sensorData-1784992086746-de22d32aa19246ed8d86c380001262e3.zip,1784940334000,1784944728000
F0:FA:C7:49:69:90_1784907070_7,7af8278c162b4b69b9993ee90a217721,7af8278c162b4b69b9993ee90a2177211785077498096,HNU21029,kitattachments/20260726/SensorOriginalData/sensorData-1785077498593-dfd0497b2e7346c287bc2493d7ab1061.zip,1784907070000,1784940333000
F0:FA:C7:49:69:90_1784902675_6,7af8278c162b4b69b9993ee90a217721,7af8278c162b4b69b9993ee90a2177211784909844013,HNU21029,kitattachments/20260725/SensorOriginalData/sensorData-1784909844215-1850d5a87be9450eb54f967e94720dff.zip,1784902675000,1784907070000
F0:FA:C7:49:69:90_1784898280_5,7af8278c162b4b69b9993ee90a217721,7af8278c162b4b69b9993ee90a2177211784910375886,HNU21029,kitattachments/20260725/SensorOriginalData/sensorData-1784910376439-5f13757586e549738f10acf3e6059073.zip,1784898280000,1784902674000
F0:FA:C7:49:69:90_1784893882_4,7af8278c162b4b69b9993ee90a217721,7af8278c162b4b69b9993ee90a2177211784909620365,HNU21029,kitattachments/20260725/SensorOriginalData/sensorData-1784909620550-5a8e3315b6314c07add725ed909a965c.zip,1784893882000,1784898280000
F0:FA:C7:49:69:90_1784889367_3,7af8278c162b4b69b9993ee90a217721,7af8278c162b4b69b9993ee90a2177211784910213659,HNU21029,kitattachments/20260725/SensorOriginalData/sensorData-1784910213868-677f9a98c2b24e629399b39585d372d7.zip,1784889367000,1784893881000
F0:FA:C7:49:69:90_1784884730_2,7af8278c162b4b69b9993ee90a217721,7af8278c162b4b69b9993ee90a2177211784910377579,HNU21029,kitattachments/20260725/SensorOriginalData/sensorData-1784910377821-bc72526c4da1497387577540a1850fda.zip,1784884730000,1784889366000
F0:FA:C7:49:69:90_1784879977_1,7af8278c162b4b69b9993ee90a217721,7af8278c162b4b69b9993ee90a2177211784909740636,HNU21029,kitattachments/20260725/SensorOriginalData/sensorData-1784909742403-ef7d26e5182d4ddd88765a2131258326.zip,1784879977000,1784884729000
F0:FA:C7:49:69:90_1784776940_23,0a360ab44f314a04aee90c23081d76c9,0a360ab44f314a04aee90c23081d76c91784781190631,HNU21009,kitattachments/20260723/SensorOriginalData/sensorData-1784781191328-f84b4b8f33ab4f92bbb94382e14bb2e1.zip,1784776940000,1784780897000
F0:FA:C7:49:69:90_1784720155_22,0a360ab44f314a04aee90c23081d76c9,0a360ab44f314a04aee90c23081d76c91784780586905,HNU21009,kitattachments/20260723/SensorOriginalData/sensorData-1784780587592-32d58d5325a74ae1898a016bd974559e.zip,1784720155000,1784776940000
F0:FA:C7:49:69:90_1784715639_21,0a360ab44f314a04aee90c23081d76c9,0a360ab44f314a04aee90c23081d76c91784721334321,HNU21009,kitattachments/20260722/SensorOriginalData/sensorData-1784721334964-8ccbbd85a6734d98b28f71c5b8d49904.zip,1784715639000,1784720155000
F0:FA:C7:49:69:90_1784709413_20,0a360ab44f314a04aee90c23081d76c9,0a360ab44f314a04aee90c23081d76c91784721677029,HNU21009,kitattachments/20260722/SensorOriginalData/sensorData-1784721677644-fd0b617ba6734882bd0e8f17d57c2475.zip,1784709413000,1784715639000
F0:FA:C7:49:69:90_1784705021_19,0a360ab44f314a04aee90c23081d76c9,0a360ab44f314a04aee90c23081d76c91784722017792,HNU21009,kitattachments/20260722/SensorOriginalData/sensorData-1784722018711-5520b85cc6f5464d8948077cc326daf4.zip,1784705021000,1784709412000
F0:FA:C7:49:69:90_1784700629_18,0a360ab44f314a04aee90c23081d76c9,0a360ab44f314a04aee90c23081d76c91784722359756,HNU21009,kitattachments/20260722/SensorOriginalData/sensorData-1784722360421-61c28fe0bf21412d8daa62ae21df53c1.zip,1784700629000,1784705021000
F0:FA:C7:49:69:90_1784696237_17,0a360ab44f314a04aee90c23081d76c9,0a360ab44f314a04aee90c23081d76c91784722695506,HNU21009,kitattachments/20260722/SensorOriginalData/sensorData-1784722696151-38632f6401ae4a27ae595b28b405afa3.zip,1784696237000,1784700629000
F0:FA:C7:49:69:90_1784691720_16,0a360ab44f314a04aee90c23081d76c9,0a360ab44f314a04aee90c23081d76c91784723026619,HNU21009,kitattachments/20260722/SensorOriginalData/sensorData-1784723027312-9cd2df4dcb224775979a34c8d9688baa.zip,1784691720000,1784696237000
F0:FA:C7:49:69:90_1784633539_15,0a360ab44f314a04aee90c23081d76c9,0a360ab44f314a04aee90c23081d76c91784723370156,HNU21009,kitattachments/20260722/SensorOriginalData/sensorData-1784723370796-bc9eabc16d16445baed0f45835d4bcd6.zip,1784633539000,1784691720000
F0:FA:C7:49:69:90_1784629145_14,0a360ab44f314a04aee90c23081d76c9,0a360ab44f314a04aee90c23081d76c91784634134734,HNU21009,kitattachments/20260721/SensorOriginalData/sensorData-1784634135355-b861211614634a769bc03992abcc65d1.zip,1784629145000,1784633539000
F0:FA:C7:49:69:90_1784623157_13,0a360ab44f314a04aee90c23081d76c9,0a360ab44f314a04aee90c23081d76c91784634464279,HNU21009,kitattachments/20260721/SensorOriginalData/sensorData-1784634465185-778bd5b301bd4f94b788872fbd7d0fea.zip,1784623157000,1784629145000
F0:FA:C7:49:69:90_1784618764_12,0a360ab44f314a04aee90c23081d76c9,0a360ab44f314a04aee90c23081d76c91784634775813,HNU21009,kitattachments/20260721/SensorOriginalData/sensorData-1784634776439-3fbf0b6218b6435e99ff306967beacb8.zip,1784618764000,1784623157000
F0:FA:C7:49:69:90_1784614372_11,0a360ab44f314a04aee90c23081d76c9,0a360ab44f314a04aee90c23081d76c91784635081739,HNU21009,kitattachments/20260721/SensorOriginalData/sensorData-1784635082346-8aade30ad43b415dae777080ecc1d5ae.zip,1784614372000,1784618764000
F0:FA:C7:49:69:90_1784609980_10,0a360ab44f314a04aee90c23081d76c9,0a360ab44f314a04aee90c23081d76c91784635397562,HNU21009,kitattachments/20260721/SensorOriginalData/sensorData-1784635398484-9f522b5b3ba644cba9e61fd0de165e6a.zip,1784609980000,1784614372000
F0:FA:C7:49:69:90_1784605450_9,0a360ab44f314a04aee90c23081d76c9,0a360ab44f314a04aee90c23081d76c91784635709123,HNU21009,kitattachments/20260721/SensorOriginalData/sensorData-1784635709643-0e0fa955f0e949799d56c7abfd27b6b8.zip,1784605450000,1784609980000
F0:FA:C7:49:69:90_1784601055_8,0a360ab44f314a04aee90c23081d76c9,0a360ab44f314a04aee90c23081d76c91784636041260,HNU21009,kitattachments/20260721/SensorOriginalData/sensorData-1784636041897-081857326bee4525b9c8b037e80e10fd.zip,1784601055000,1784605450000
F0:FA:C7:49:69:90_1784568065_7,0a360ab44f314a04aee90c23081d76c9,0a360ab44f314a04aee90c23081d76c91784636341944,HNU21009,kitattachments/20260721/SensorOriginalData/sensorData-1784636342568-4a98e224498741019256bbaa92cf2101.zip,1784568065000,1784601055000
F0:FA:C7:49:69:90_1784561698_6,0a360ab44f314a04aee90c23081d76c9,0a360ab44f314a04aee90c23081d76c91784636642361,HNU21009,kitattachments/20260721/SensorOriginalData/sensorData-1784636642973-3dc6a5f157a64fbf8c39a84c81b8ae6e.zip,1784561698000,1784568064000
F0:FA:C7:49:69:90_1784557303_5,0a360ab44f314a04aee90c23081d76c9,0a360ab44f314a04aee90c23081d76c91784566317123,HNU21009,kitattachments/20260721/SensorOriginalData/sensorData-1784566317764-47e8199396f84f15850056d173596817.zip,1784557303000,1784561698000
F0:FA:C7:49:69:90_1784552909_4,0a360ab44f314a04aee90c23081d76c9,0a360ab44f314a04aee90c23081d76c91784566632402,HNU21009,kitattachments/20260721/SensorOriginalData/sensorData-1784566633071-c569be6f05fd4993bf200214025ca57b.zip,1784552909000,1784557303000
F0:FA:C7:49:69:90_1784548506_3,0a360ab44f314a04aee90c23081d76c9,0a360ab44f314a04aee90c23081d76c91784566947019,HNU21009,kitattachments/20260721/SensorOriginalData/sensorData-1784566947953-47eda169965942419153b0a71e659bb0.zip,1784548506000,1784552909000
F0:FA:C7:49:69:90_1784544115_2,0a360ab44f314a04aee90c23081d76c9,0a360ab44f314a04aee90c23081d76c91784567249467,HNU21009,kitattachments/20260721/SensorOriginalData/sensorData-1784567250448-c0e32cb69c104118a54f0f524dc9804b.zip,1784544115000,1784548505000
F0:FA:C7:49:69:90_1784539481_1,0a360ab44f314a04aee90c23081d76c9,0a360ab44f314a04aee90c23081d76c91784567553655,HNU21009,kitattachments/20260721/SensorOriginalData/sensorData-1784567554327-6a771e37f2014784b70a710652bcc27d.zip,1784539481000,1784544115000
F0:FA:C7:49:69:8E_1784692162_10,40c50fa2dfe54755aed56bfb20c64ff0,40c50fa2dfe54755aed56bfb20c64ff01784694581740,HNU21007,kitattachments/20260722/SensorOriginalData/sensorData-1784694582710-aa198bc55c6b42b583e18e1b2eaab303.zip,1784692162000,1784694153000
F0:FA:C7:49:69:7E_1785136440_29,3d7118f66e764ae0a01a7b6ac11d770a,3d7118f66e764ae0a01a7b6ac11d770a1785142980010,HNU21031,kitattachments/20260727/SensorOriginalData/sensorData-1785142980704-d917203d8ab84dad890de22af8951dd6.zip,1785136440000,1785142288000
F0:FA:C7:49:69:7E_1785132057_28,3d7118f66e764ae0a01a7b6ac11d770a,null1785140248361,HNU21031,kitattachments/20260727/SensorOriginalData/sensorData-1785140249271-421b6472372748079101b31d64a1559e.zip,1785132057000,1785136440000
F0:FA:C7:49:69:7E_1785127673_27,3d7118f66e764ae0a01a7b6ac11d770a,3d7118f66e764ae0a01a7b6ac11d770a1785142559326,HNU21031,kitattachments/20260727/SensorOriginalData/sensorData-1785142560344-12b87fe1aaaa47c09b1253cdd5e6135c.zip,1785127673000,1785132056000
F0:FA:C7:49:69:7E_1785123041_26,3d7118f66e764ae0a01a7b6ac11d770a,3d7118f66e764ae0a01a7b6ac11d770a1785142561138,HNU21031,kitattachments/20260727/SensorOriginalData/sensorData-1785142561473-98376eea92224a2995b9f3bc8fc5c524.zip,1785123041000,1785127673000
F0:FA:C7:49:69:7E_1785118657_25,3d7118f66e764ae0a01a7b6ac11d770a,3d7118f66e764ae0a01a7b6ac11d770a1785142562389,HNU21031,kitattachments/20260727/SensorOriginalData/sensorData-1785142562711-afaf367f34024123b91af136f75d866e.zip,1785118657000,1785123041000
F0:FA:C7:49:69:7E_1785113909_24,3d7118f66e764ae0a01a7b6ac11d770a,3d7118f66e764ae0a01a7b6ac11d770a1785142563851,HNU21031,kitattachments/20260727/SensorOriginalData/sensorData-1785142564102-c6c68ccb1624432f8b46e2a72d64e854.zip,1785113909000,1785118657000
F0:FA:C7:49:69:7E_1785069915_23,3d7118f66e764ae0a01a7b6ac11d770a,3d7118f66e764ae0a01a7b6ac11d770a1785142564995,HNU21031,kitattachments/20260727/SensorOriginalData/sensorData-1785142567344-980d158e381d482b8c9c93bfbbe8df2b.zip,1785069915000,1785113909000
F0:FA:C7:49:69:7E_1785065410_22,3d7118f66e764ae0a01a7b6ac11d770a,3d7118f66e764ae0a01a7b6ac11d770a1785142566011,HNU21031,kitattachments/20260727/SensorOriginalData/sensorData-1785142569073-1329006b35bd47c295efbf21bb3f30ee.zip,1785065410000,1785069915000
F0:FA:C7:49:69:7E_1785060904_21,3d7118f66e764ae0a01a7b6ac11d770a,3d7118f66e764ae0a01a7b6ac11d770a1785071167794,HNU21031,kitattachments/20260726/SensorOriginalData/sensorData-1785071168990-4f7d355dfc7f4f288278e538b6546fd6.zip,1785060904000,1785065410000
F0:FA:C7:49:69:7E_1785056518_20,3d7118f66e764ae0a01a7b6ac11d770a,3d7118f66e764ae0a01a7b6ac11d770a1785071383259,HNU21031,kitattachments/20260726/SensorOriginalData/sensorData-1785071384135-ac0034a8f1f447ce8031cd55c94b9a9a.zip,1785056518000,1785060904000
F0:FA:C7:49:69:7E_1785052134_19,3d7118f66e764ae0a01a7b6ac11d770a,3d7118f66e764ae0a01a7b6ac11d770a1785071604214,HNU21031,kitattachments/20260726/SensorOriginalData/sensorData-1785071605213-ac6915a5b7724f239eac463c6c0b151b.zip,1785052134000,1785056517000
F0:FA:C7:49:69:7E_1785047749_18,3d7118f66e764ae0a01a7b6ac11d770a,3d7118f66e764ae0a01a7b6ac11d770a1785071829950,HNU21031,kitattachments/20260726/SensorOriginalData/sensorData-1785071831186-cbf82e8f924e4afc958a0e4c1e7fc7b5.zip,1785047749000,1785052134000
F0:FA:C7:49:69:7E_1785043243_17,3d7118f66e764ae0a01a7b6ac11d770a,3d7118f66e764ae0a01a7b6ac11d770a1785072056926,HNU21031,kitattachments/20260726/SensorOriginalData/sensorData-1785072057825-8a29874387ff48ef8ceff1e87090aeea.zip,1785043243000,1785047749000
F0:FA:C7:49:69:7E_1785038507_16,3d7118f66e764ae0a01a7b6ac11d770a,3d7118f66e764ae0a01a7b6ac11d770a1785072282715,HNU21031,kitattachments/20260726/SensorOriginalData/sensorData-1785072283615-02dfe400816649f8b633a72a77fa41cd.zip,1785038507000,1785043243000
F0:FA:C7:49:69:7E_1785034120_15,3d7118f66e764ae0a01a7b6ac11d770a,3d7118f66e764ae0a01a7b6ac11d770a1785072505078,HNU21031,kitattachments/20260726/SensorOriginalData/sensorData-1785072506282-a8c321a028144d0b9fe4c0299883397b.zip,1785034120000,1785038507000
F0:FA:C7:49:69:7E_1785029736_14,3d7118f66e764ae0a01a7b6ac11d770a,3d7118f66e764ae0a01a7b6ac11d770a1785072730902,HNU21031,kitattachments/20260726/SensorOriginalData/sensorData-1785072731512-3168182bce6b44d1a4500fb978cbcb5a.zip,1785029736000,1785034120000
F0:FA:C7:49:69:7E_1784983511_13,3d7118f66e764ae0a01a7b6ac11d770a,3d7118f66e764ae0a01a7b6ac11d770a1785072943295,HNU21031,kitattachments/20260726/SensorOriginalData/sensorData-1785072944260-7f2c7cfa9f9f4896961609a077270df6.zip,1784983511000,1785029736000
F0:FA:C7:49:69:7E_1784979124_12,3d7118f66e764ae0a01a7b6ac11d770a,3d7118f66e764ae0a01a7b6ac11d770a1784984621109,HNU21031,kitattachments/20260725/SensorOriginalData/sensorData-1784984622004-d62dc107257f44e09b1fde903b5792c4.zip,1784979124000,1784983511000
F0:FA:C7:49:69:7E_1784974236_11,3d7118f66e764ae0a01a7b6ac11d770a,3d7118f66e764ae0a01a7b6ac11d770a1784984855945,HNU21031,kitattachments/20260725/SensorOriginalData/sensorData-1784984857103-f9cd0b587a0a462d98e806703789119b.zip,1784974236000,1784979124000
F0:FA:C7:49:69:7E_1784969850_10,3d7118f66e764ae0a01a7b6ac11d770a,3d7118f66e764ae0a01a7b6ac11d770a1784985092385,HNU21031,kitattachments/20260725/SensorOriginalData/sensorData-1784985093265-d85feb5ef6b54144963278e35a965ff6.zip,1784969850000,1784974236000
F0:FA:C7:49:69:7E_1784965341_9,3d7118f66e764ae0a01a7b6ac11d770a,3d7118f66e764ae0a01a7b6ac11d770a1784985327545,HNU21031,kitattachments/20260725/SensorOriginalData/sensorData-1784985328405-7014d3b33fa54c5985949fc31046b24f.zip,1784965341000,1784969850000
F0:FA:C7:49:69:7E_1784960956_8,3d7118f66e764ae0a01a7b6ac11d770a,3d7118f66e764ae0a01a7b6ac11d770a1784985567741,HNU21031,kitattachments/20260725/SensorOriginalData/sensorData-1784985568720-8691cb25669b46b8bb2c4e73ee394299.zip,1784960956000,1784965341000
F0:FA:C7:49:69:7E_1784956544_7,3d7118f66e764ae0a01a7b6ac11d770a,3d7118f66e764ae0a01a7b6ac11d770a1784985818133,HNU21031,kitattachments/20260725/SensorOriginalData/sensorData-1784985818863-f313e9a99c734f0ba5e825ad331c9ee9.zip,1784956544000,1784960956000
F0:FA:C7:49:69:7E_1784951672_6,3d7118f66e764ae0a01a7b6ac11d770a,3d7118f66e764ae0a01a7b6ac11d770a1784986208682,HNU21031,kitattachments/20260725/SensorOriginalData/sensorData-1784986209342-e26c19d0cacf400491c6c58703ee3856.zip,1784951672000,1784956544000
F0:FA:C7:49:69:7E_1784947168_5,3d7118f66e764ae0a01a7b6ac11d770a,3d7118f66e764ae0a01a7b6ac11d770a1784986440533,HNU21031,kitattachments/20260725/SensorOriginalData/sensorData-1784986441377-c13fafe5e4d64eb0ae12032486f23924.zip,1784947168000,1784951672000
F0:FA:C7:49:69:7E_1784897089_4,3d7118f66e764ae0a01a7b6ac11d770a,3d7118f66e764ae0a01a7b6ac11d770a1784986532921,HNU21031,kitattachments/20260725/SensorOriginalData/sensorData-1784986533849-7b433bf94d4c4c38a40fd595bbdd2f8f.zip,1784897089000,1784947168000
F0:FA:C7:49:69:7E_1784892568_3,3d7118f66e764ae0a01a7b6ac11d770a,3d7118f66e764ae0a01a7b6ac11d770a1784899607882,HNU21031,kitattachments/20260724/SensorOriginalData/sensorData-1784899608757-14a13d6dcaef4fd594897b36af7150f1.zip,1784892568000,1784897088000
F0:FA:C7:49:69:7E_1784887891_2,3d7118f66e764ae0a01a7b6ac11d770a,3d7118f66e764ae0a01a7b6ac11d770a1784899788102,HNU21031,kitattachments/20260724/SensorOriginalData/sensorData-1784899788968-97707bb9322948ebb679029c9b1712b7.zip,1784887891000,1784892568000
F0:FA:C7:49:69:7E_1784882921_1,3d7118f66e764ae0a01a7b6ac11d770a,3d7118f66e764ae0a01a7b6ac11d770a1784986725462,HNU21031,kitattachments/20260725/SensorOriginalData/sensorData-1784986726366-9d4ed581f66149f9bee53d6ff896417c.zip,1784882921000,1784887891000
F0:FA:C7:49:69:7E_1784866657_31,d72cb867e30342acb0b3e151111820e0,d72cb867e30342acb0b3e151111820e01784870106853,HNU21014,kitattachments/20260724/SensorOriginalData/sensorData-1784870107770-7e422df476934168a0949e9ae3d9011f.zip,1784866657000,1784869716000
F0:FA:C7:49:69:7E_1784861672_30,d72cb867e30342acb0b3e151111820e0,d72cb867e30342acb0b3e151111820e01784870372817,HNU21014,kitattachments/20260724/SensorOriginalData/sensorData-1784870373840-dc02e94b92b048dd95120cb47171ba49.zip,1784861672000,1784866657000
F0:FA:C7:49:69:7E_1784856925_29,d72cb867e30342acb0b3e151111820e0,d72cb867e30342acb0b3e151111820e01784870627648,HNU21014,kitattachments/20260724/SensorOriginalData/sensorData-1784870628540-ac696d835ace45b2ae49a00303631b8c.zip,1784856925000,1784861672000
F0:FA:C7:49:69:7E_1784820602_28,d72cb867e30342acb0b3e151111820e0,d72cb867e30342acb0b3e151111820e01784870942449,HNU21014,kitattachments/20260724/SensorOriginalData/sensorData-1784870943263-0e33136025204d00b8920f5b71b5e2e1.zip,1784820602000,1784856925000
F0:FA:C7:49:69:7E_1784816219_27,d72cb867e30342acb0b3e151111820e0,d72cb867e30342acb0b3e151111820e01784824908607,HNU21014,kitattachments/20260724/SensorOriginalData/sensorData-1784824909253-4d32670f22b24bf3a256f4b1ffbf3305.zip,1784816219000,1784820602000
F0:FA:C7:49:69:7E_1784811832_26,d72cb867e30342acb0b3e151111820e0,d72cb867e30342acb0b3e151111820e01784825116317,HNU21014,kitattachments/20260724/SensorOriginalData/sensorData-1784825117560-0b5050d19722470fb799457df86f0c56.zip,1784811832000,1784816219000
F0:FA:C7:49:69:7E_1784807447_25,d72cb867e30342acb0b3e151111820e0,d72cb867e30342acb0b3e151111820e01784825329719,HNU21014,kitattachments/20260724/SensorOriginalData/sensorData-1784825331659-1510e823685e4807b66d92f1e4d4c3bb.zip,1784807447000,1784811832000
F0:FA:C7:49:69:7E_1784802805_24,d72cb867e30342acb0b3e151111820e0,d72cb867e30342acb0b3e151111820e01784825418781,HNU21014,kitattachments/20260724/SensorOriginalData/sensorData-1784825418991-cfb613bdccc14f7ab5dcdefa1d570699.zip,1784802805000,1784807447000
F0:FA:C7:49:69:7E_1784798059_23,d72cb867e30342acb0b3e151111820e0,d72cb867e30342acb0b3e151111820e01784825707404,HNU21014,kitattachments/20260724/SensorOriginalData/sensorData-1784825708551-a7a09fe3171c45fa9c4704da107e3689.zip,1784798059000,1784802805000
F0:FA:C7:49:69:7E_1784793674_22,d72cb867e30342acb0b3e151111820e0,d72cb867e30342acb0b3e151111820e01784825884997,HNU21014,kitattachments/20260724/SensorOriginalData/sensorData-1784825885970-32c2f3fc7dc547108ba23173cfcb05eb.zip,1784793674000,1784798059000
F0:FA:C7:49:69:7E_1784789289_21,d72cb867e30342acb0b3e151111820e0,d72cb867e30342acb0b3e151111820e01784826069589,HNU21014,kitattachments/20260724/SensorOriginalData/sensorData-1784826070278-76eb08f5399046dea253dc3ecffc8585.zip,1784789289000,1784793674000
F0:FA:C7:49:69:7E_1784784784_20,d72cb867e30342acb0b3e151111820e0,d72cb867e30342acb0b3e151111820e01784826299042,HNU21014,kitattachments/20260724/SensorOriginalData/sensorData-1784826299666-ffa0d2cbe4c047a1a70cb28a0dc79b59.zip,1784784784000,1784789289000
F0:FA:C7:49:69:7E_1784780278_19,d72cb867e30342acb0b3e151111820e0,d72cb867e30342acb0b3e151111820e01784826580067,HNU21014,kitattachments/20260724/SensorOriginalData/sensorData-1784826581883-a9077cad53f8477fbab554c503a5e630.zip,1784780278000,1784784784000
F0:FA:C7:49:69:7E_1784775537_18,d72cb867e30342acb0b3e151111820e0,d72cb867e30342acb0b3e151111820e01784826725621,HNU21014,kitattachments/20260724/SensorOriginalData/sensorData-1784826726242-b7c4890d4f99413297d279b98b271dc2.zip,1784775537000,1784780278000
F0:FA:C7:49:69:7E_1784771032_17,d72cb867e30342acb0b3e151111820e0,d72cb867e30342acb0b3e151111820e01784826927174,HNU21014,kitattachments/20260724/SensorOriginalData/sensorData-1784826927877-17ffe401b01e4896a4ce32ec73f1b943.zip,1784771032000,1784775537000
F0:FA:C7:49:69:7E_1784727472_16,d72cb867e30342acb0b3e151111820e0,d72cb867e30342acb0b3e151111820e01784827129057,HNU21014,kitattachments/20260724/SensorOriginalData/sensorData-1784827130073-1d25f6827c4b49b18980284266debedf.zip,1784727472000,1784771031000
F0:FA:C7:49:69:7E_1784722966_15,d72cb867e30342acb0b3e151111820e0,d72cb867e30342acb0b3e151111820e01784730641672,HNU21014,kitattachments/20260722/SensorOriginalData/sensorData-1784730642522-b8f64f495b1b42d98e2486b7103b29a9.zip,1784722966000,1784727472000
F0:FA:C7:49:69:7E_1784717917_14,d72cb867e30342acb0b3e151111820e0,d72cb867e30342acb0b3e151111820e01784730870506,HNU21014,kitattachments/20260722/SensorOriginalData/sensorData-1784730871779-a6d98583f04a41bab5f1cc8b5321ec26.zip,1784717917000,1784722966000
F0:FA:C7:49:69:7E_1784713529_13,d72cb867e30342acb0b3e151111820e0,d72cb867e30342acb0b3e151111820e01784731095828,HNU21014,kitattachments/20260722/SensorOriginalData/sensorData-1784731096741-cfb6eef59bbe4a2387614386ed5911d0.zip,1784713529000,1784717917000
F0:FA:C7:49:69:7E_1784709000_12,d72cb867e30342acb0b3e151111820e0,d72cb867e30342acb0b3e151111820e01784731321763,HNU21014,kitattachments/20260722/SensorOriginalData/sensorData-1784731322824-afd9459748024fa3a2d54ae6022c6f42.zip,1784709000000,1784713529000
F0:FA:C7:49:69:7E_1784704204_11,d72cb867e30342acb0b3e151111820e0,d72cb867e30342acb0b3e151111820e01784731500634,HNU21014,kitattachments/20260722/SensorOriginalData/sensorData-1784731501324-9369aaaa1f5f42b0a05c9f9326878832.zip,1784704204000,1784709000000
F0:FA:C7:49:69:7E_1784699818_10,d72cb867e30342acb0b3e151111820e0,d72cb867e30342acb0b3e151111820e01784731991321,HNU21014,kitattachments/20260722/SensorOriginalData/sensorData-1784731992358-dff76a439753451d999d539c2352cd83.zip,1784699818000,1784704204000
F0:FA:C7:49:69:7E_1784695103_9,d72cb867e30342acb0b3e151111820e0,d72cb867e30342acb0b3e151111820e01784732372547,HNU21014,kitattachments/20260722/SensorOriginalData/sensorData-1784732373343-19b3bbea77744b1e8b9b6bd8502bee1e.zip,1784695103000,1784699818000
F0:FA:C7:49:69:7E_1784690108_8,d72cb867e30342acb0b3e151111820e0,d72cb867e30342acb0b3e151111820e01784733540624,HNU21014,kitattachments/20260722/SensorOriginalData/sensorData-1784733541597-8a38e011fa3542a9bb5ec4e7ddaa7a56.zip,1784690108000,1784695102000
F0:FA:C7:49:69:7E_1784685464_7,d72cb867e30342acb0b3e151111820e0,d72cb867e30342acb0b3e151111820e01784733755253,HNU21014,kitattachments/20260722/SensorOriginalData/sensorData-1784733755947-3cc7a6657e7b46b782bec33bc6340f45.zip,1784685464000,1784690108000
F0:FA:C7:49:69:7E_1784642466_6,d72cb867e30342acb0b3e151111820e0,d72cb867e30342acb0b3e151111820e01784734723535,HNU21014,kitattachments/20260722/SensorOriginalData/sensorData-1784734724568-e2a4788b0d5b4b33b041a393dc047542.zip,1784642466000,1784685463000
F0:FA:C7:49:69:7E_1784638080_5,d72cb867e30342acb0b3e151111820e0,d72cb867e30342acb0b3e151111820e01784644743433,HNU21014,kitattachments/20260721/SensorOriginalData/sensorData-1784644745503-eeac80c253de44f1baca336b8fb96999.zip,1784638080000,1784642465000
F0:FA:C7:49:69:7E_1784633505_4,d72cb867e30342acb0b3e151111820e0,d72cb867e30342acb0b3e151111820e01784644966767,HNU21014,kitattachments/20260721/SensorOriginalData/sensorData-1784644970370-900f3a8d53294960a834496518c63a08.zip,1784633505000,1784638080000
F0:FA:C7:49:69:7E_1784628688_3,d72cb867e30342acb0b3e151111820e0,d72cb867e30342acb0b3e151111820e01784645179071,HNU21014,kitattachments/20260721/SensorOriginalData/sensorData-1784645181868-0f3fa08b0477410a840907537d7d42e1.zip,1784628688000,1784633505000
F0:FA:C7:49:69:7E_1784624062_2,d72cb867e30342acb0b3e151111820e0,d72cb867e30342acb0b3e151111820e01784645348267,HNU21014,kitattachments/20260721/SensorOriginalData/sensorData-1784645348790-16ba5907a5da4126ac399776e3ad56b1.zip,1784624062000,1784628688000
F0:FA:C7:49:69:7E_1784619438_1,d72cb867e30342acb0b3e151111820e0,d72cb867e30342acb0b3e151111820e01784645403297,HNU21014,kitattachments/20260721/SensorOriginalData/sensorData-1784645403579-8a16dcb9d9764d598539c5056e4eeb13.zip,1784619438000,1784624062000
F0:FA:C7:49:69:22_1784901356_33,8968798a05794717937cb791b395f7e5,8968798a05794717937cb791b395f7e51784903766660,HNU21023,kitattachments/20260724/SensorOriginalData/sensorData-1784903767555-4a2d9de0df674962b1ea3b229fae6bab.zip,1784901356000,1784903576000
F0:FA:C7:49:69:22_1784896984_32,8968798a05794717937cb791b395f7e5,8968798a05794717937cb791b395f7e51784903987061,HNU21023,kitattachments/20260724/SensorOriginalData/sensorData-1784903987578-f37eb599038446758b16206582fdc791.zip,1784896984000,1784901356000
F0:FA:C7:49:69:22_1784892612_31,8968798a05794717937cb791b395f7e5,8968798a05794717937cb791b395f7e51784904180822,HNU21023,kitattachments/20260724/SensorOriginalData/sensorData-1784904181503-29d93ecdb24641bb93a73f3d240a183b.zip,1784892612000,1784896984000
F0:FA:C7:49:69:22_1784888241_30,8968798a05794717937cb791b395f7e5,8968798a05794717937cb791b395f7e51784904369242,HNU21023,kitattachments/20260724/SensorOriginalData/sensorData-1784904370034-e29a03ec4cab43f5941df43c4bbcf9ba.zip,1784888241000,1784892612000
F0:FA:C7:49:69:22_1784881898_29,8968798a05794717937cb791b395f7e5,8968798a05794717937cb791b395f7e51784904551361,HNU21023,kitattachments/20260724/SensorOriginalData/sensorData-1784904552143-8fcb0f6d09e543c79dff1646852f7bf7.zip,1784881898000,1784888241000
F0:FA:C7:49:69:22_1784871027_28,8968798a05794717937cb791b395f7e5,8968798a05794717937cb791b395f7e51784882914336,HNU21023,kitattachments/20260724/SensorOriginalData/sensorData-1784882914989-7d577b50992c4f11bba29a977477fe4c.zip,1784871027000,1784881898000
F0:FA:C7:49:69:22_1784866535_27,8968798a05794717937cb791b395f7e5,8968798a05794717937cb791b395f7e51784883112682,HNU21023,kitattachments/20260724/SensorOriginalData/sensorData-1784883113531-6531e6d7eed34693b78d0a76cde11b44.zip,1784866535000,1784871027000
F0:FA:C7:49:69:22_1784862171_26,8968798a05794717937cb791b395f7e5,8968798a05794717937cb791b395f7e51784883366857,HNU21023,kitattachments/20260724/SensorOriginalData/sensorData-1784883367561-348cf86b196f4f95989c465dbd2f0e4f.zip,1784862171000,1784866535000
F0:FA:C7:49:69:22_1784817477_25,8968798a05794717937cb791b395f7e5,8968798a05794717937cb791b395f7e51784883493245,HNU21023,kitattachments/20260724/SensorOriginalData/sensorData-1784883493851-b1da506599b04b46ace19337045934ba.zip,1784817477000,1784862171000
F0:FA:C7:49:69:22_1784812985_24,8968798a05794717937cb791b395f7e5,8968798a05794717937cb791b395f7e51784819000588,HNU21023,kitattachments/20260723/SensorOriginalData/sensorData-1784819001489-376d1435bf7043118811e9227ccca18e.zip,1784812985000,1784817477000
F0:FA:C7:49:69:22_1784808616_23,8968798a05794717937cb791b395f7e5,8968798a05794717937cb791b395f7e51784819196980,HNU21023,kitattachments/20260723/SensorOriginalData/sensorData-1784819197845-2a8543396ec44d23b38bd7cf59614e85.zip,1784808616000,1784812985000
F0:FA:C7:49:69:22_1784804245_22,8968798a05794717937cb791b395f7e5,8968798a05794717937cb791b395f7e51784819387295,HNU21023,kitattachments/20260723/SensorOriginalData/sensorData-1784819388100-07ae364f69e645648a6f54dadb6955a3.zip,1784804245000,1784808616000
F0:FA:C7:49:69:22_1784799632_21,8968798a05794717937cb791b395f7e5,8968798a05794717937cb791b395f7e51784819581993,HNU21023,kitattachments/20260723/SensorOriginalData/sensorData-1784819582866-79caccdeedaf4382a24bdcb767e2cbb2.zip,1784799632000,1784804245000
F0:FA:C7:49:69:22_1784795143_20,8968798a05794717937cb791b395f7e5,8968798a05794717937cb791b395f7e51784819773342,HNU21023,kitattachments/20260723/SensorOriginalData/sensorData-1784819774078-b6497be7777644958788507c672356be.zip,1784795143000,1784799632000
F0:FA:C7:49:69:22_1784785697_19,8968798a05794717937cb791b395f7e5,8968798a05794717937cb791b395f7e51784819962518,HNU21023,kitattachments/20260723/SensorOriginalData/sensorData-1784819963667-3ee3b6c4d2d04cac94bd8112b5c3daff.zip,1784785697000,1784795143000
F0:FA:C7:49:69:22_1784781129_18,8968798a05794717937cb791b395f7e5,8968798a05794717937cb791b395f7e51784820151756,HNU21023,kitattachments/20260723/SensorOriginalData/sensorData-1784820152610-ff6be667605145b0bd9b9537a8e2ff98.zip,1784781129000,1784785697000
F0:FA:C7:49:69:22_1784776758_17,8968798a05794717937cb791b395f7e5,8968798a05794717937cb791b395f7e51784820341088,HNU21023,kitattachments/20260723/SensorOriginalData/sensorData-1784820342384-453d353397ba46de954975666ae5cb51.zip,1784776758000,1784781129000
F0:FA:C7:49:69:22_1784772388_16,8968798a05794717937cb791b395f7e5,8968798a05794717937cb791b395f7e51784820729743,HNU21023,kitattachments/20260723/SensorOriginalData/sensorData-1784820730650-5c96e234ced6486587fa198f89c1b142.zip,1784772388000,1784776758000
F0:FA:C7:49:69:22_1784729253_15,8968798a05794717937cb791b395f7e5,8968798a05794717937cb791b395f7e51784820916363,HNU21023,kitattachments/20260723/SensorOriginalData/sensorData-1784820917028-10b4ba8e215b4777bf1868fecf6ab707.zip,1784729253000,1784772388000
F0:FA:C7:49:69:22_1784724882_14,8968798a05794717937cb791b395f7e5,8968798a05794717937cb791b395f7e51784733089944,HNU21023,kitattachments/20260722/SensorOriginalData/sensorData-1784733090738-a1ca5793a15e4e83adc865160e94d1b1.zip,1784724882000,1784729253000
F0:FA:C7:49:69:22_1784720389_13,8968798a05794717937cb791b395f7e5,8968798a05794717937cb791b395f7e51784733281591,HNU21023,kitattachments/20260722/SensorOriginalData/sensorData-1784733282635-bf3eff30c84d4d02817699bbdf768fa2.zip,1784720389000,1784724882000
F0:FA:C7:49:69:22_1784716017_12,8968798a05794717937cb791b395f7e5,8968798a05794717937cb791b395f7e51784733476315,HNU21023,kitattachments/20260722/SensorOriginalData/sensorData-1784733477161-5227044e558d41c293cd2a4b3925fed4.zip,1784716017000,1784720388000
F0:FA:C7:49:69:22_1784711647_11,8968798a05794717937cb791b395f7e5,8968798a05794717937cb791b395f7e51784733666648,HNU21023,kitattachments/20260722/SensorOriginalData/sensorData-1784733667543-e3401079a0824d2293430a0f7bc7de09.zip,1784711647000,1784716016000
F0:FA:C7:49:69:22_1784699529_10,8968798a05794717937cb791b395f7e5,8968798a05794717937cb791b395f7e51784733856060,HNU21023,kitattachments/20260722/SensorOriginalData/sensorData-1784733856832-bfc2a83416aa4dd69a3f16c945ae0256.zip,1784699529000,1784711647000
F0:FA:C7:49:69:22_1784694931_9,8968798a05794717937cb791b395f7e5,8968798a05794717937cb791b395f7e51784734044619,HNU21023,kitattachments/20260722/SensorOriginalData/sensorData-1784734045800-92f98639b07b49358c55370d2fbd43e4.zip,1784694931000,1784699529000
F0:FA:C7:49:69:22_1784690439_8,8968798a05794717937cb791b395f7e5,8968798a05794717937cb791b395f7e51784734234987,HNU21023,kitattachments/20260722/SensorOriginalData/sensorData-1784734235808-644bc7427e3245d2b61a90654d233f25.zip,1784690439000,1784694931000
F0:FA:C7:49:69:22_1784647805_7,8968798a05794717937cb791b395f7e5,8968798a05794717937cb791b395f7e51784734420056,HNU21023,kitattachments/20260722/SensorOriginalData/sensorData-1784734421039-1b6a4addebdb4f798e321d6d4e873d67.zip,1784647805000,1784690439000
F0:FA:C7:49:69:22_1784643315_6,8968798a05794717937cb791b395f7e5,8968798a05794717937cb791b395f7e51784648060923,HNU21023,kitattachments/20260721/SensorOriginalData/sensorData-1784648061951-f08e7da7d00249d5ae41294b065e9036.zip,1784643315000,1784647805000
F0:FA:C7:49:69:22_1784638948_5,8968798a05794717937cb791b395f7e5,8968798a05794717937cb791b395f7e51784648257777,HNU21023,kitattachments/20260721/SensorOriginalData/sensorData-1784648258721-bc3ed1a6dfaa4582b0c4fb87abbb0347.zip,1784638948000,1784643315000
F0:FA:C7:49:69:22_1784634442_4,8968798a05794717937cb791b395f7e5,8968798a05794717937cb791b395f7e51784648450229,HNU21023,kitattachments/20260721/SensorOriginalData/sensorData-1784648451120-eceaf7682d6a4c5c82be415136bd3989.zip,1784634442000,1784638948000
F0:FA:C7:49:69:22_1784630072_3,8968798a05794717937cb791b395f7e5,8968798a05794717937cb791b395f7e51784648642347,HNU21023,kitattachments/20260721/SensorOriginalData/sensorData-1784648643198-9a9fc7a9417f45148c152e39bdb6d392.zip,1784630072000,1784634442000
F0:FA:C7:49:69:22_1784625454_2,8968798a05794717937cb791b395f7e5,8968798a05794717937cb791b395f7e51784648842182,HNU21023,kitattachments/20260721/SensorOriginalData/sensorData-1784648844109-fcdc924fd9b54c5ea0f3a1ecec689bea.zip,1784625454000,1784630072000
F0:FA:C7:49:69:22_1784620833_1,8968798a05794717937cb791b395f7e5,8968798a05794717937cb791b395f7e51784649037737,HNU21023,kitattachments/20260721/SensorOriginalData/sensorData-1784649038773-e1cfc20ecd7a44698fca92f0f45cbac6.zip,1784620833000,1784625453000
F0:FA:C7:49:68:B5_1785217598_29,eb1d90636add45649482df9d35b161a3,eb1d90636add45649482df9d35b161a31785221870085,HNU21039,kitattachments/20260728/SensorOriginalData/sensorData-1785221871350-d27f5e2baec34c0b8c25a7aa26657928.zip,1785217598000,1785221596000
F0:FA:C7:49:68:B5_1785212704_28,eb1d90636add45649482df9d35b161a3,eb1d90636add45649482df9d35b161a31785222094777,HNU21039,kitattachments/20260728/SensorOriginalData/sensorData-1785222095720-f3e24042a4034ed4adddfa0aaedecaec.zip,1785212704000,1785217598000
F0:FA:C7:49:68:B5_1785208009_27,eb1d90636add45649482df9d35b161a3,eb1d90636add45649482df9d35b161a31785222340719,HNU21039,kitattachments/20260728/SensorOriginalData/sensorData-1785222341523-c9b13cb3353040319c67f65c5f1556e1.zip,1785208009000,1785212704000
F0:FA:C7:49:68:B5_1785203631_26,eb1d90636add45649482df9d35b161a3,eb1d90636add45649482df9d35b161a31785222544844,HNU21039,kitattachments/20260728/SensorOriginalData/sensorData-1785222545651-2ea9ebeadbc24b4e9eba7302f44cf3f3.zip,1785203631000,1785208009000
F0:FA:C7:49:68:B5_1785151306_25,eb1d90636add45649482df9d35b161a3,eb1d90636add45649482df9d35b161a31785222793326,HNU21039,kitattachments/20260728/SensorOriginalData/sensorData-1785222794231-9315f3c6f8474bbb94b00ae95040c21e.zip,1785151306000,1785203631000
F0:FA:C7:49:68:B5_1785146924_24,eb1d90636add45649482df9d35b161a3,eb1d90636add45649482df9d35b161a31785154951171,HNU21039,kitattachments/20260727/SensorOriginalData/sensorData-1785154951915-36e12ca548e140fdb911d77ce86db199.zip,1785146924000,1785151305000
F0:FA:C7:49:68:B5_1785142541_23,eb1d90636add45649482df9d35b161a3,eb1d90636add45649482df9d35b161a31785155162047,HNU21039,kitattachments/20260727/SensorOriginalData/sensorData-1785155162988-209ff77d58374d9a9ed93bca7e34feed.zip,1785142541000,1785146923000
F0:FA:C7:49:68:B5_1785138099_22,eb1d90636add45649482df9d35b161a3,eb1d90636add45649482df9d35b161a31785155386289,HNU21039,kitattachments/20260727/SensorOriginalData/sensorData-1785155387075-bdcc72413f794543bf3318e6a9a68c39.zip,1785138099000,1785142541000
F0:FA:C7:49:68:B5_1785133721_21,eb1d90636add45649482df9d35b161a3,eb1d90636add45649482df9d35b161a31785155600399,HNU21039,kitattachments/20260727/SensorOriginalData/sensorData-1785155601364-74da433e5f6d4141bfda3bcdd959d210.zip,1785133721000,1785138099000
F0:FA:C7:49:68:B5_1785129343_20,eb1d90636add45649482df9d35b161a3,eb1d90636add45649482df9d35b161a31785155808162,HNU21039,kitattachments/20260727/SensorOriginalData/sensorData-1785155809588-d948b6f0e7eb4adeb3d4f787ffddbc9e.zip,1785129343000,1785133721000
F0:FA:C7:49:68:B5_1785124722_19,eb1d90636add45649482df9d35b161a3,eb1d90636add45649482df9d35b161a31785156022316,HNU21039,kitattachments/20260727/SensorOriginalData/sensorData-1785156023086-c24631faf974440586f3b77c5a17f61f.zip,1785124722000,1785129343000
F0:FA:C7:49:68:B5_1785120178_18,eb1d90636add45649482df9d35b161a3,eb1d90636add45649482df9d35b161a31785156233606,HNU21039,kitattachments/20260727/SensorOriginalData/sensorData-1785156234385-741960d8ebda4fffb2a2558863b4b040.zip,1785120178000,1785124722000
F0:FA:C7:49:68:B5_1785075814_17,eb1d90636add45649482df9d35b161a3,eb1d90636add45649482df9d35b161a31785156444063,HNU21039,kitattachments/20260727/SensorOriginalData/sensorData-1785156445163-5f85a428f1c7428095d3f2e1c8b7b90e.zip,1785075814000,1785120178000
F0:FA:C7:49:68:B5_1785070898_16,eb1d90636add45649482df9d35b161a3,eb1d90636add45649482df9d35b161a31785078599096,HNU21039,kitattachments/20260726/SensorOriginalData/sensorData-1785078600019-9667814c8890455c9c5ee164cdd0277e.zip,1785070898000,1785075814000
F0:FA:C7:49:68:B5_1785065923_15,eb1d90636add45649482df9d35b161a3,eb1d90636add45649482df9d35b161a31785078813741,HNU21039,kitattachments/20260726/SensorOriginalData/sensorData-1785078814777-42c383a4a570443db479c2c6759c7ffc.zip,1785065923000,1785070897000
F0:FA:C7:49:68:B5_1785061190_14,eb1d90636add45649482df9d35b161a3,eb1d90636add45649482df9d35b161a31785079034442,HNU21039,kitattachments/20260726/SensorOriginalData/sensorData-1785079035517-71b3f2af8e8d4096aad954a1465e1bf8.zip,1785061190000,1785065923000
F0:FA:C7:49:68:B5_1785055907_13,eb1d90636add45649482df9d35b161a3,eb1d90636add45649482df9d35b161a31785079232978,HNU21039,kitattachments/20260726/SensorOriginalData/sensorData-1785079233828-05468ef4b4984c4f940e4a23b76d91bf.zip,1785055907000,1785061190000
F0:FA:C7:49:68:B5_1785051049_12,eb1d90636add45649482df9d35b161a3,eb1d90636add45649482df9d35b161a31785079450465,HNU21039,kitattachments/20260726/SensorOriginalData/sensorData-1785079451340-759cdeb8b5144d44b384048204f3f7a7.zip,1785051049000,1785055907000
F0:FA:C7:49:68:B5_1785045650_11,eb1d90636add45649482df9d35b161a3,eb1d90636add45649482df9d35b161a31785079647978,HNU21039,kitattachments/20260726/SensorOriginalData/sensorData-1785079649410-65ce1ab733814f0b81f0f196f6430306.zip,1785045650000,1785051049000
F0:FA:C7:49:68:B5_1785039839_10,eb1d90636add45649482df9d35b161a3,eb1d90636add45649482df9d35b161a31785046436191,HNU21039,kitattachments/20260726/SensorOriginalData/sensorData-1785046437029-7ed0a10e87ee41bf86c83164eeda2096.zip,1785039839000,1785045650000
F0:FA:C7:49:68:B5_1785035457_9,eb1d90636add45649482df9d35b161a3,eb1d90636add45649482df9d35b161a31785040846674,HNU21039,kitattachments/20260726/SensorOriginalData/sensorData-1785040847420-d41032ee751c46a5960f46c6a95328fa.zip,1785035457000,1785039839000
F0:FA:C7:49:68:B5_1785030940_8,eb1d90636add45649482df9d35b161a3,eb1d90636add45649482df9d35b161a31785041073828,HNU21039,kitattachments/20260726/SensorOriginalData/sensorData-1785041074594-8f315909a1c14f9aa9f23ab54bd7bc71.zip,1785030940000,1785035457000
F0:FA:C7:49:68:B5_1784990042_7,eb1d90636add45649482df9d35b161a3,eb1d90636add45649482df9d35b161a31785046547271,HNU21039,kitattachments/20260726/SensorOriginalData/sensorData-1785046548047-de82d51b523743ad931e72331301f1f7.zip,1784990042000,1785030940000
F0:FA:C7:49:68:B5_1784985660_6,eb1d90636add45649482df9d35b161a3,eb1d90636add45649482df9d35b161a31785046709888,HNU21039,kitattachments/20260726/SensorOriginalData/sensorData-1785046710726-62e535fe755b415b8ec6b0e1ba06b7ce.zip,1784985660000,1784990042000
F0:FA:C7:49:68:B5_1784979768_5,eb1d90636add45649482df9d35b161a3,eb1d90636add45649482df9d35b161a31785046796784,HNU21039,kitattachments/20260726/SensorOriginalData/sensorData-1785046797680-8cb1dd8c20e34119b37d8f183a55ee74.zip,1784979768000,1784985659000
F0:FA:C7:49:68:B5_1784975391_4,eb1d90636add45649482df9d35b161a3,eb1d90636add45649482df9d35b161a31784983448975,HNU21039,kitattachments/20260725/SensorOriginalData/sensorData-1784983449956-e89c6d46bf1641dfaae92def480882b8.zip,1784975391000,1784979768000
F0:FA:C7:49:68:B5_1784971009_3,eb1d90636add45649482df9d35b161a3,eb1d90636add45649482df9d35b161a31784983669275,HNU21039,kitattachments/20260725/SensorOriginalData/sensorData-1784983670334-92db36edc2f34ca69362ce41274796f6.zip,1784971009000,1784975391000
F0:FA:C7:49:68:B5_1784966151_2,eb1d90636add45649482df9d35b161a3,eb1d90636add45649482df9d35b161a31784983914076,HNU21039,kitattachments/20260725/SensorOriginalData/sensorData-1784983914966-0a926a0608c5412aa2bc11d6d92a6e3e.zip,1784966151000,1784971009000
F0:FA:C7:49:68:B5_1784960468_1,eb1d90636add45649482df9d35b161a3,eb1d90636add45649482df9d35b161a31784984130448,HNU21039,kitattachments/20260725/SensorOriginalData/sensorData-1784984133695-2fe8950d223045139f9097b8753c3cf1.zip,1784960468000,1784966151000
F0:FA:C7:49:68:B5_1784878376_22,d5364f2506d0487b9c3a05939d5f891d,d5364f2506d0487b9c3a05939d5f891d1784882393724,HNU21016,kitattachments/20260724/SensorOriginalData/sensorData-1784882394621-5975eeb6c31e4cf9af61c630a15d1b1f.zip,1784878376000,1784881922000
F0:FA:C7:49:68:B5_1784873991_21,d5364f2506d0487b9c3a05939d5f891d,d5364f2506d0487b9c3a05939d5f891d1784882722163,HNU21016,kitattachments/20260724/SensorOriginalData/sensorData-1784882722902-1aceada2ba314c8389984ca5bc39cde6.zip,1784873991000,1784878376000
F0:FA:C7:49:68:B5_1784869610_20,d5364f2506d0487b9c3a05939d5f891d,d5364f2506d0487b9c3a05939d5f891d1784883081539,HNU21016,kitattachments/20260724/SensorOriginalData/sensorData-1784883083030-3654e5dad00147ccb032b93307595f31.zip,1784869610000,1784873991000
F0:FA:C7:49:68:B5_1784806273_19,d5364f2506d0487b9c3a05939d5f891d,d5364f2506d0487b9c3a05939d5f891d1784883435997,HNU21016,kitattachments/20260724/SensorOriginalData/sensorData-1784883436772-b6884ccfcce44e2195894e03e7e9e32a.zip,1784806273000,1784869610000
F0:FA:C7:49:68:B5_1784801650_18,d5364f2506d0487b9c3a05939d5f891d,d5364f2506d0487b9c3a05939d5f891d1784809172902,HNU21016,kitattachments/20260723/SensorOriginalData/sensorData-1784809174380-773081b4763f4d4191d031d355b61938.zip,1784801650000,1784806273000
F0:FA:C7:49:68:B5_1784797268_17,d5364f2506d0487b9c3a05939d5f891d,d5364f2506d0487b9c3a05939d5f891d1784809527101,HNU21016,kitattachments/20260723/SensorOriginalData/sensorData-1784809528133-b19c7ce06b4a4ffaaf5c9187e644c917.zip,1784797268000,1784801650000
F0:FA:C7:49:68:B5_1784792886_16,d5364f2506d0487b9c3a05939d5f891d,d5364f2506d0487b9c3a05939d5f891d1784809882855,HNU21016,kitattachments/20260723/SensorOriginalData/sensorData-1784809885125-a2a546b80e574ca8b6851a00bf6211cd.zip,1784792886000,1784797268000
F0:FA:C7:49:68:B5_1784788508_15,d5364f2506d0487b9c3a05939d5f891d,d5364f2506d0487b9c3a05939d5f891d1784810232482,HNU21016,kitattachments/20260723/SensorOriginalData/sensorData-1784810233946-84c429cefa70454dac9264f1d83b8230.zip,1784788508000,1784792885000
F0:FA:C7:49:68:B5_1784784126_14,d5364f2506d0487b9c3a05939d5f891d,d5364f2506d0487b9c3a05939d5f891d1784883792910,HNU21016,kitattachments/20260724/SensorOriginalData/sensorData-1784883794421-02bd0bfa588c4aa78c574f289302cfeb.zip,1784784126000,1784788508000
F0:FA:C7:49:68:B5_1784779503_13,d5364f2506d0487b9c3a05939d5f891d,d5364f2506d0487b9c3a05939d5f891d1784884138706,HNU21016,kitattachments/20260724/SensorOriginalData/sensorData-1784884141166-6124423ac4744467bcb1200e39a96fa4.zip,1784779503000,1784784126000
F0:FA:C7:49:68:B5_1784775120_12,d5364f2506d0487b9c3a05939d5f891d,d5364f2506d0487b9c3a05939d5f891d1784884488510,HNU21016,kitattachments/20260724/SensorOriginalData/sensorData-1784884489460-06c9750a52ab4dde8d0be7682151e518.zip,1784775120000,1784779503000
F0:FA:C7:49:68:B5_1784724381_11,d5364f2506d0487b9c3a05939d5f891d,d5364f2506d0487b9c3a05939d5f891d1784884822070,HNU21016,kitattachments/20260724/SensorOriginalData/sensorData-1784884822837-2ff2ed1e63164bf0b3bbac14a020f2d0.zip,1784724381000,1784775120000
F0:FA:C7:49:68:B5_1784719759_10,d5364f2506d0487b9c3a05939d5f891d,d5364f2506d0487b9c3a05939d5f891d1784728034609,HNU21016,kitattachments/20260722/SensorOriginalData/sensorData-1784728035814-25c998f6813c4784affaeb46a4b2b58e.zip,1784719759000,1784724381000
F0:FA:C7:49:68:B5_1784715376_9,d5364f2506d0487b9c3a05939d5f891d,d5364f2506d0487b9c3a05939d5f891d1784728393113,HNU21016,kitattachments/20260722/SensorOriginalData/sensorData-1784728394305-306e673055fd4ee5a22503217d8b62f8.zip,1784715376000,1784719759000
F0:FA:C7:49:68:B5_1784710994_8,d5364f2506d0487b9c3a05939d5f891d,d5364f2506d0487b9c3a05939d5f891d1784728747941,HNU21016,kitattachments/20260722/SensorOriginalData/sensorData-1784728748698-34bf2b8054274fd79cb0e997fa3c5fff.zip,1784710994000,1784715376000
F0:FA:C7:49:68:B5_1784706611_7,d5364f2506d0487b9c3a05939d5f891d,d5364f2506d0487b9c3a05939d5f891d1784729111286,HNU21016,kitattachments/20260722/SensorOriginalData/sensorData-1784729112254-39113bea63334e12b276cd780366ecf7.zip,1784706611000,1784710994000
F0:FA:C7:49:68:B5_1784702229_6,d5364f2506d0487b9c3a05939d5f891d,d5364f2506d0487b9c3a05939d5f891d1784729472711,HNU21016,kitattachments/20260722/SensorOriginalData/sensorData-1784729474054-a27fde47f84f4c48b0446dd213054967.zip,1784702229000,1784706611000
F0:FA:C7:49:68:B5_1784697847_5,d5364f2506d0487b9c3a05939d5f891d,d5364f2506d0487b9c3a05939d5f891d1784729835144,HNU21016,kitattachments/20260722/SensorOriginalData/sensorData-1784729836552-12fa0f2291844a07b0ca949d33f21701.zip,1784697847000,1784702229000
F0:FA:C7:49:68:B5_1784638710_4,d5364f2506d0487b9c3a05939d5f891d,d5364f2506d0487b9c3a05939d5f891d1784730158760,HNU21016,kitattachments/20260722/SensorOriginalData/sensorData-1784730159891-8bc10a2f0dec48919ec26772821f824c.zip,1784638710000,1784697846000
F0:FA:C7:49:68:B5_1784634193_3,d5364f2506d0487b9c3a05939d5f891d,d5364f2506d0487b9c3a05939d5f891d1784642232035,HNU21016,kitattachments/20260721/SensorOriginalData/sensorData-1784642232809-6899a99de9f84674a24b4ee1c6fc470d.zip,1784634193000,1784638710000
F0:FA:C7:49:68:B5_1784629289_2,d5364f2506d0487b9c3a05939d5f891d,d5364f2506d0487b9c3a05939d5f891d1784642567015,HNU21016,kitattachments/20260721/SensorOriginalData/sensorData-1784642567997-89b7a183ca244958939540655b524082.zip,1784629289000,1784634193000
F0:FA:C7:49:68:B5_1784624668_1,d5364f2506d0487b9c3a05939d5f891d,d5364f2506d0487b9c3a05939d5f891d1784642910973,HNU21016,kitattachments/20260721/SensorOriginalData/sensorData-1784642912553-66091fbd59d7430f95e515af229ebbda.zip,1784624668000,1784629289000
F0:FA:C7:49:68:8F_1785135869_32,35dbc90e48c447c38ff59e434e323fa3,35dbc90e48c447c38ff59e434e323fa31785145216243,HNU21027,kitattachments/20260727/SensorOriginalData/sensorData-1785145217037-8484bbd40dd941a2aeab9bb9d9ebbc32.zip,1785135869000,1785140260000
F0:FA:C7:49:68:8F_1785126119_31,35dbc90e48c447c38ff59e434e323fa3,35dbc90e48c447c38ff59e434e323fa31785145484559,HNU21027,kitattachments/20260727/SensorOriginalData/sensorData-1785145485376-95ebaa7dfdfc4f61b46a99ffef2efcfa.zip,1785126119000,1785135869000
F0:FA:C7:49:68:8F_1785078744_30,35dbc90e48c447c38ff59e434e323fa3,35dbc90e48c447c38ff59e434e323fa31785127496012,HNU21027,kitattachments/20260727/SensorOriginalData/sensorData-1785127497045-5218ce247a224db9bbca74b8f88bebec.zip,1785078744000,1785126119000
F0:FA:C7:49:68:8F_1785074356_29,35dbc90e48c447c38ff59e434e323fa3,35dbc90e48c447c38ff59e434e323fa31785127769001,HNU21027,kitattachments/20260727/SensorOriginalData/sensorData-1785127769834-77448e1c81ac4431b5cdd984891b7bbd.zip,1785074356000,1785078744000
F0:FA:C7:49:68:8F_1785069965_28,35dbc90e48c447c38ff59e434e323fa3,35dbc90e48c447c38ff59e434e323fa31785128053788,HNU21027,kitattachments/20260727/SensorOriginalData/sensorData-1785128054639-322f2174f75a4072b33ccf32a75fef0f.zip,1785069965000,1785074356000
F0:FA:C7:49:68:8F_1785065574_27,35dbc90e48c447c38ff59e434e323fa3,35dbc90e48c447c38ff59e434e323fa31785128336736,HNU21027,kitattachments/20260727/SensorOriginalData/sensorData-1785128338187-1a1a1dd53d3c44a7b0a9135f259abbbf.zip,1785065574000,1785069965000
F0:FA:C7:49:68:8F_1785061161_26,35dbc90e48c447c38ff59e434e323fa3,35dbc90e48c447c38ff59e434e323fa31785128621046,HNU21027,kitattachments/20260727/SensorOriginalData/sensorData-1785128622327-85d8a7ffe0a64f5496fc86f5313c6cb9.zip,1785061161000,1785065574000
F0:FA:C7:49:68:8F_1785056771_25,35dbc90e48c447c38ff59e434e323fa3,35dbc90e48c447c38ff59e434e323fa31785128907350,HNU21027,kitattachments/20260727/SensorOriginalData/sensorData-1785128908200-0f18cc59f9e44cc48eae8089499c2a6c.zip,1785056771000,1785061161000
F0:FA:C7:49:68:8F_1785052379_24,35dbc90e48c447c38ff59e434e323fa3,35dbc90e48c447c38ff59e434e323fa31785129195636,HNU21027,kitattachments/20260727/SensorOriginalData/sensorData-1785129196492-2a1c7e2b872c45ed9795e21fa0e7b5aa.zip,1785052379000,1785056771000
F0:FA:C7:49:68:8F_1785047989_23,35dbc90e48c447c38ff59e434e323fa3,35dbc90e48c447c38ff59e434e323fa31785129464235,HNU21027,kitattachments/20260727/SensorOriginalData/sensorData-1785129465008-866ce53600d7425da6ab4da7972bcbba.zip,1785047989000,1785052379000
F0:FA:C7:49:68:8F_1785043477_22,35dbc90e48c447c38ff59e434e323fa3,35dbc90e48c447c38ff59e434e323fa31785129729676,HNU21027,kitattachments/20260727/SensorOriginalData/sensorData-1785129730535-df0f4bb681424bc19c3e9d28f0f5f80e.zip,1785043477000,1785047988000
F0:FA:C7:49:68:8F_1785039086_21,35dbc90e48c447c38ff59e434e323fa3,35dbc90e48c447c38ff59e434e323fa31785129990839,HNU21027,kitattachments/20260727/SensorOriginalData/sensorData-1785129992035-269c538607da40f5973743a47b3b4dcf.zip,1785039086000,1785043477000
F0:FA:C7:49:68:8F_1785034573_20,35dbc90e48c447c38ff59e434e323fa3,35dbc90e48c447c38ff59e434e323fa31785130253230,HNU21027,kitattachments/20260727/SensorOriginalData/sensorData-1785130254381-9619118528544270b5a2bc6d1bfa4a1f.zip,1785034573000,1785039086000
F0:FA:C7:49:68:8F_1785030182_19,35dbc90e48c447c38ff59e434e323fa3,35dbc90e48c447c38ff59e434e323fa31785130511883,HNU21027,kitattachments/20260727/SensorOriginalData/sensorData-1785130512878-2389e71ed9ba480da0c978136c1c6c65.zip,1785030182000,1785034573000
F0:FA:C7:49:68:8F_1785025791_18,35dbc90e48c447c38ff59e434e323fa3,35dbc90e48c447c38ff59e434e323fa31785130773805,HNU21027,kitattachments/20260727/SensorOriginalData/sensorData-1785130774719-06c704b6f2ca454cbd84a704ffb419ab.zip,1785025791000,1785030181000
F0:FA:C7:49:68:8F_1784987791_17,35dbc90e48c447c38ff59e434e323fa3,35dbc90e48c447c38ff59e434e323fa31785131034794,HNU21027,kitattachments/20260727/SensorOriginalData/sensorData-1785131035679-c75b701386d94f64be8221c35bd1ebf2.zip,1784987791000,1785025791000
F0:FA:C7:49:68:8F_1784983399_16,35dbc90e48c447c38ff59e434e323fa3,35dbc90e48c447c38ff59e434e323fa31784989532937,HNU21027,kitattachments/20260725/SensorOriginalData/sensorData-1784989533855-f9e0f76639f24afba763f92e36f86817.zip,1784983399000,1784987791000
F0:FA:C7:49:68:8F_1784979008_15,35dbc90e48c447c38ff59e434e323fa3,35dbc90e48c447c38ff59e434e323fa31784989927273,HNU21027,kitattachments/20260725/SensorOriginalData/sensorData-1784989928098-4dcfe13ad15f46c588817dfb56c01b88.zip,1784979008000,1784983399000
F0:FA:C7:49:68:8F_1784974618_14,35dbc90e48c447c38ff59e434e323fa3,null1784992769385,HNU21027,kitattachments/20260725/SensorOriginalData/sensorData-1784992770315-f4b8825837ee42a5a387b195457b8474.zip,1784974618000,1784979008000
F0:FA:C7:49:68:8F_1784970227_13,35dbc90e48c447c38ff59e434e323fa3,35dbc90e48c447c38ff59e434e323fa31784990805561,HNU21027,kitattachments/20260725/SensorOriginalData/sensorData-1784990806909-5803cac2f11f46789d756daf3bd13027.zip,1784970227000,1784974618000
F0:FA:C7:49:68:8F_1784965809_12,35dbc90e48c447c38ff59e434e323fa3,35dbc90e48c447c38ff59e434e323fa31784991170143,HNU21027,kitattachments/20260725/SensorOriginalData/sensorData-1784991171057-2997bf698ab64f70b2e6713ebcdaf867.zip,1784965809000,1784970227000
F0:FA:C7:49:68:8F_1784961419_11,35dbc90e48c447c38ff59e434e323fa3,35dbc90e48c447c38ff59e434e323fa31784991560642,HNU21027,kitattachments/20260725/SensorOriginalData/sensorData-1784991561475-22be2cdb84c64d499763c3e3e4fbb0b2.zip,1784961419000,1784965809000
F0:FA:C7:49:68:8F_1784956836_10,35dbc90e48c447c38ff59e434e323fa3,null1784992058751,HNU21027,kitattachments/20260725/SensorOriginalData/sensorData-1784992059585-f841deeee3324505ae817471e99fe8a8.zip,1784956836000,1784961419000
F0:FA:C7:49:68:8F_1784952444_9,35dbc90e48c447c38ff59e434e323fa3,35dbc90e48c447c38ff59e434e323fa31784993258270,HNU21027,kitattachments/20260725/SensorOriginalData/sensorData-1784993258975-8ec888c7b87243adae439bc06248381e.zip,1784952444000,1784956836000
F0:FA:C7:49:68:8F_1784948054_8,35dbc90e48c447c38ff59e434e323fa3,35dbc90e48c447c38ff59e434e323fa31784993528464,HNU21027,kitattachments/20260725/SensorOriginalData/sensorData-1784993529589-3e58db2d351e4101b9ccab551d7be0cf.zip,1784948054000,1784952444000
F0:FA:C7:49:68:8F_1784943661_7,35dbc90e48c447c38ff59e434e323fa3,null1784992650672,HNU21027,kitattachments/20260725/SensorOriginalData/sensorData-1784992651562-273a7314ca654d028992594e55bffe8c.zip,1784943661000,1784948053000
F0:FA:C7:49:68:8F_1784900089_6,35dbc90e48c447c38ff59e434e323fa3,null1784992266990,HNU21027,kitattachments/20260725/SensorOriginalData/sensorData-1784992267837-50aa6ea670614007b0f121b0a898c377.zip,1784900089000,1784943661000
F0:FA:C7:49:68:8F_1784895698_5,35dbc90e48c447c38ff59e434e323fa3,35dbc90e48c447c38ff59e434e323fa31784908217870,HNU21027,kitattachments/20260724/SensorOriginalData/sensorData-1784908219155-c9e136d190574c829d8d6044c6f23c35.zip,1784895698000,1784900089000
F0:FA:C7:49:68:8F_1784891160_4,35dbc90e48c447c38ff59e434e323fa3,35dbc90e48c447c38ff59e434e323fa31784908538770,HNU21027,kitattachments/20260724/SensorOriginalData/sensorData-1784908539870-c6fd681cf79a4a7ab9c31a3541ded5cd.zip,1784891160000,1784895698000
F0:FA:C7:49:68:8F_1784886432_3,35dbc90e48c447c38ff59e434e323fa3,35dbc90e48c447c38ff59e434e323fa31784940394233,HNU21027,kitattachments/20260725/SensorOriginalData/sensorData-1784940395699-3609b247c95b48ee8ad0ea67ff4caa84.zip,1784886432000,1784891160000
F0:FA:C7:49:68:8F_1784882116_2,35dbc90e48c447c38ff59e434e323fa3,35dbc90e48c447c38ff59e434e323fa31784909300066,HNU21027,kitattachments/20260725/SensorOriginalData/sensorData-1784909300915-0544340b4fe640bb9d249c5bc7cfb7de.zip,1784882116000,1784886432000
F0:FA:C7:49:68:8F_1784878593_1,35dbc90e48c447c38ff59e434e323fa3,35dbc90e48c447c38ff59e434e323fa31784909027302,HNU21027,kitattachments/20260725/SensorOriginalData/sensorData-1784909028222-f599ec15770c4d4eb1b307d05ecd2f84.zip,1784878593000,1784882116000
F0:FA:C7:49:68:8F_1784787605_28,7d7a2ffd9ce0464286ede8776b8acb9b,7d7a2ffd9ce0464286ede8776b8acb9b1784792810436,HNU21002,kitattachments/20260723/SensorOriginalData/sensorData-1784792811387-ac08592bff5041ac8865512d1bb48f69.zip,1784787605000,1784792579000
F0:FA:C7:49:68:8F_1784783213_27,7d7a2ffd9ce0464286ede8776b8acb9b,7d7a2ffd9ce0464286ede8776b8acb9b1784793039898,HNU21002,kitattachments/20260723/SensorOriginalData/sensorData-1784793041183-5773eba52e5b4cfea287097e9e976413.zip,1784783213000,1784787604000
F0:FA:C7:49:68:8F_1784778621_26,7d7a2ffd9ce0464286ede8776b8acb9b,7d7a2ffd9ce0464286ede8776b8acb9b1784793258746,HNU21002,kitattachments/20260723/SensorOriginalData/sensorData-1784793259633-430434ae1ca14879ae85e6421958cd77.zip,1784778621000,1784783213000
F0:FA:C7:49:68:8F_1784774215_25,7d7a2ffd9ce0464286ede8776b8acb9b,7d7a2ffd9ce0464286ede8776b8acb9b1784793464804,HNU21002,kitattachments/20260723/SensorOriginalData/sensorData-1784793465704-66b9331e59a9442b837a9925e9c022f5.zip,1784774215000,1784778621000
F0:FA:C7:49:68:8F_1784728401_24,7d7a2ffd9ce0464286ede8776b8acb9b,7d7a2ffd9ce0464286ede8776b8acb9b1784793730652,HNU21002,kitattachments/20260723/SensorOriginalData/sensorData-1784793731455-a3ccd215a20e40858f085ef5e7219ae6.zip,1784728401000,1784774215000
F0:FA:C7:49:68:8F_1784724011_23,7d7a2ffd9ce0464286ede8776b8acb9b,7d7a2ffd9ce0464286ede8776b8acb9b1784730644983,HNU21002,kitattachments/20260722/SensorOriginalData/sensorData-1784730646066-a925de3bbce34135b1f7ca3da770a5c3.zip,1784724011000,1784728401000
F0:FA:C7:49:68:8F_1784719621_22,7d7a2ffd9ce0464286ede8776b8acb9b,7d7a2ffd9ce0464286ede8776b8acb9b1784730839883,HNU21002,kitattachments/20260722/SensorOriginalData/sensorData-1784730841004-c3898f7aa7b4451889d5d54122162bfd.zip,1784719621000,1784724011000
F0:FA:C7:49:68:8F_1784714914_21,7d7a2ffd9ce0464286ede8776b8acb9b,7d7a2ffd9ce0464286ede8776b8acb9b1784731028264,HNU21002,kitattachments/20260722/SensorOriginalData/sensorData-1784731029154-6464b4d2030a4871acbdad693f59d7a0.zip,1784714914000,1784719621000
F0:FA:C7:49:68:8F_1784710522_20,7d7a2ffd9ce0464286ede8776b8acb9b,7d7a2ffd9ce0464286ede8776b8acb9b1784731214958,HNU21002,kitattachments/20260722/SensorOriginalData/sensorData-1784731216032-d567df6ba7734b6b87195b5f35b17de0.zip,1784710522000,1784714914000
F0:FA:C7:49:68:8F_1784706131_19,7d7a2ffd9ce0464286ede8776b8acb9b,7d7a2ffd9ce0464286ede8776b8acb9b1784731408006,HNU21002,kitattachments/20260722/SensorOriginalData/sensorData-1784731408992-0d25247dd3ab4a20b1f519528ced782c.zip,1784706131000,1784710522000
F0:FA:C7:49:68:8F_1784701742_18,7d7a2ffd9ce0464286ede8776b8acb9b,7d7a2ffd9ce0464286ede8776b8acb9b1784731605284,HNU21002,kitattachments/20260722/SensorOriginalData/sensorData-1784731606595-4b70ecd285c04a569fd26d6edf16b6f8.zip,1784701742000,1784706131000
F0:FA:C7:49:68:8F_1784697349_17,7d7a2ffd9ce0464286ede8776b8acb9b,7d7a2ffd9ce0464286ede8776b8acb9b1784731804501,HNU21002,kitattachments/20260722/SensorOriginalData/sensorData-1784731805515-30d9060ea7b04951a219354f6371fea9.zip,1784697349000,1784701742000
F0:FA:C7:49:68:8F_1784692960_16,7d7a2ffd9ce0464286ede8776b8acb9b,7d7a2ffd9ce0464286ede8776b8acb9b1784731992307,HNU21002,kitattachments/20260722/SensorOriginalData/sensorData-1784731993468-392b3fbb12384b8d884f1788bf2b0199.zip,1784692960000,1784697349000
F0:FA:C7:49:68:8F_1784688145_15,7d7a2ffd9ce0464286ede8776b8acb9b,7d7a2ffd9ce0464286ede8776b8acb9b1784732184477,HNU21002,kitattachments/20260722/SensorOriginalData/sensorData-1784732185290-b24eceacb4b54078b26a626a833c2529.zip,1784688145000,1784692960000
F0:FA:C7:49:68:8F_1784637970_14,7d7a2ffd9ce0464286ede8776b8acb9b,7d7a2ffd9ce0464286ede8776b8acb9b1784732377335,HNU21002,kitattachments/20260722/SensorOriginalData/sensorData-1784732378280-03b56011b04a498bbcd4309728aca8e8.zip,1784637970000,1784688145000
F0:FA:C7:49:68:8F_1784633393_13,7d7a2ffd9ce0464286ede8776b8acb9b,7d7a2ffd9ce0464286ede8776b8acb9b1784640109557,HNU21002,kitattachments/20260721/SensorOriginalData/sensorData-1784640110473-327331aa6e7a4233860fe278923940c5.zip,1784633393000,1784637970000
F0:FA:C7:49:68:8F_1784629004_12,7d7a2ffd9ce0464286ede8776b8acb9b,7d7a2ffd9ce0464286ede8776b8acb9b1784640343551,HNU21002,kitattachments/20260721/SensorOriginalData/sensorData-1784640344440-055f884f15b24dfd86a1b1e9ea8976ed.zip,1784629004000,1784633393000
F0:FA:C7:49:68:8F_1784624372_11,7d7a2ffd9ce0464286ede8776b8acb9b,7d7a2ffd9ce0464286ede8776b8acb9b1784640570535,HNU21002,kitattachments/20260721/SensorOriginalData/sensorData-1784640571451-e264b5ee5adf4d50ae753bc39dc3dcad.zip,1784624372000,1784629004000
F0:FA:C7:49:68:8F_1784619981_10,7d7a2ffd9ce0464286ede8776b8acb9b,7d7a2ffd9ce0464286ede8776b8acb9b1784640765097,HNU21002,kitattachments/20260721/SensorOriginalData/sensorData-1784640766094-721e3df555e747de9faae16121d91e98.zip,1784619981000,1784624372000
F0:FA:C7:49:68:8F_1784615591_9,7d7a2ffd9ce0464286ede8776b8acb9b,7d7a2ffd9ce0464286ede8776b8acb9b1784640952259,HNU21002,kitattachments/20260721/SensorOriginalData/sensorData-1784640953669-750fb147430a45a5bb73bd2996bc3837.zip,1784615591000,1784619980000
F0:FA:C7:49:68:8F_1784611200_8,7d7a2ffd9ce0464286ede8776b8acb9b,7d7a2ffd9ce0464286ede8776b8acb9b1784641141063,HNU21002,kitattachments/20260721/SensorOriginalData/sensorData-1784641141930-1b34d1ad075b43d28f3db7715d4b1803.zip,1784611200000,1784615591000
F0:FA:C7:49:68:8F_1784606808_7,7d7a2ffd9ce0464286ede8776b8acb9b,7d7a2ffd9ce0464286ede8776b8acb9b1784641335409,HNU21002,kitattachments/20260721/SensorOriginalData/sensorData-1784641336695-f8368889ab6b444ea20dc47a4bb68bbc.zip,1784606808000,1784611200000
F0:FA:C7:49:68:8F_1784602057_6,7d7a2ffd9ce0464286ede8776b8acb9b,7d7a2ffd9ce0464286ede8776b8acb9b1784641517169,HNU21002,kitattachments/20260721/SensorOriginalData/sensorData-1784641518041-31967ca1d994490c90b03f88d9ba57ed.zip,1784602057000,1784606808000
F0:FA:C7:49:68:8F_1784555676_5,7d7a2ffd9ce0464286ede8776b8acb9b,7d7a2ffd9ce0464286ede8776b8acb9b1784641700970,HNU21002,kitattachments/20260721/SensorOriginalData/sensorData-1784641701846-fa03ad9ad7d94854a97eea22003e0c3e.zip,1784555676000,1784602056000
F0:FA:C7:49:68:8F_1784548553_4,7d7a2ffd9ce0464286ede8776b8acb9b,7d7a2ffd9ce0464286ede8776b8acb9b1784557508814,HNU21002,kitattachments/20260720/SensorOriginalData/sensorData-1784557509702-1b232c6ef58e47b1a88a641ccb298322.zip,1784548553000,1784555676000
F0:FA:C7:49:68:8F_1784544161_3,7d7a2ffd9ce0464286ede8776b8acb9b,7d7a2ffd9ce0464286ede8776b8acb9b1784557692546,HNU21002,kitattachments/20260720/SensorOriginalData/sensorData-1784557693483-00f4c85af3dc4b1fa4e745661d472c8e.zip,1784544161000,1784548552000
F0:FA:C7:49:68:8F_1784539509_2,7d7a2ffd9ce0464286ede8776b8acb9b,7d7a2ffd9ce0464286ede8776b8acb9b1784557876082,HNU21002,kitattachments/20260720/SensorOriginalData/sensorData-1784557876964-97236e0d0dda409f90e8088c128caa77.zip,1784539509000,1784544161000
F0:FA:C7:49:68:8F_1784534644_1,7d7a2ffd9ce0464286ede8776b8acb9b,7d7a2ffd9ce0464286ede8776b8acb9b1784558063420,HNU21002,kitattachments/20260720/SensorOriginalData/sensorData-1784558064464-7f00cbf31fed4976947ed183a7dbd732.zip,1784534644000,1784539509000
F0:FA:C7:49:68:73_1784885643_28,5251f62caa604ee69868f7ab9396904f,5251f62caa604ee69868f7ab9396904f1784888099109,HNU212020,kitattachments/20260724/SensorOriginalData/sensorData-1784888099846-7d9d71872e474d5f99120ced81cfe0eb.zip,1784885643000,1784887925000
F0:FA:C7:49:68:73_1784881231_27,5251f62caa604ee69868f7ab9396904f,5251f62caa604ee69868f7ab9396904f1784888346417,HNU212020,kitattachments/20260724/SensorOriginalData/sensorData-1784888347327-e2151c950e7c4322ac5027554910ce91.zip,1784881231000,1784885643000
F0:FA:C7:49:68:73_1784876819_26,5251f62caa604ee69868f7ab9396904f,5251f62caa604ee69868f7ab9396904f1784888588213,HNU212020,kitattachments/20260724/SensorOriginalData/sensorData-1784888588844-b97abbb79df34fdb83633995f601f30c.zip,1784876819000,1784881231000
F0:FA:C7:49:68:73_1784872408_25,5251f62caa604ee69868f7ab9396904f,5251f62caa604ee69868f7ab9396904f1784888849153,HNU212020,kitattachments/20260724/SensorOriginalData/sensorData-1784888849734-4513053cbe8b461bb3e117f4ba4ae1a6.zip,1784872408000,1784876819000
F0:FA:C7:49:68:73_1784867996_24,5251f62caa604ee69868f7ab9396904f,5251f62caa604ee69868f7ab9396904f1784889042320,HNU212020,kitattachments/20260724/SensorOriginalData/sensorData-1784889043142-c91844b018f342bf8d65b436c25245e8.zip,1784867996000,1784872408000
F0:FA:C7:49:68:73_1784863362_23,5251f62caa604ee69868f7ab9396904f,5251f62caa604ee69868f7ab9396904f1784889247236,HNU212020,kitattachments/20260724/SensorOriginalData/sensorData-1784889248481-88934cadb3b443068fcd528900342b47.zip,1784863362000,1784867996000
F0:FA:C7:49:68:73_1784858949_22,5251f62caa604ee69868f7ab9396904f,5251f62caa604ee69868f7ab9396904f1784893913678,HNU212020,kitattachments/20260724/SensorOriginalData/sensorData-1784893914237-a72795e94f9549b2a804fca625922dc3.zip,1784858949000,1784863362000
F0:FA:C7:49:68:73_1784854536_21,5251f62caa604ee69868f7ab9396904f,5251f62caa604ee69868f7ab9396904f1784894129101,HNU212020,kitattachments/20260724/SensorOriginalData/sensorData-1784894129812-d339350a38f64381abd269f80c1ba977.zip,1784854536000,1784858949000
F0:FA:C7:49:68:73_1784849981_20,5251f62caa604ee69868f7ab9396904f,5251f62caa604ee69868f7ab9396904f1784894335637,HNU212020,kitattachments/20260724/SensorOriginalData/sensorData-1784894336404-2a9fe3e4185440ada8a7892867a5495c.zip,1784849981000,1784854536000
F0:FA:C7:49:68:73_1784812677_19,5251f62caa604ee69868f7ab9396904f,5251f62caa604ee69868f7ab9396904f1784894546102,HNU212020,kitattachments/20260724/SensorOriginalData/sensorData-1784894546765-9b82470a529c4e5bab6394d611572392.zip,1784812677000,1784849981000
F0:FA:C7:49:68:73_1784808265_18,5251f62caa604ee69868f7ab9396904f,5251f62caa604ee69868f7ab9396904f1784818205473,HNU212020,kitattachments/20260723/SensorOriginalData/sensorData-1784818206377-ac61b00610c843ad87722e49edfc6536.zip,1784808265000,1784812677000
F0:FA:C7:49:68:73_1784803852_17,5251f62caa604ee69868f7ab9396904f,5251f62caa604ee69868f7ab9396904f1784818417531,HNU212020,kitattachments/20260723/SensorOriginalData/sensorData-1784818417970-5e3d4b7bd37a4995934087fdbee93562.zip,1784803852000,1784808264000
F0:FA:C7:49:68:73_1784799440_16,5251f62caa604ee69868f7ab9396904f,5251f62caa604ee69868f7ab9396904f1784818625273,HNU212020,kitattachments/20260723/SensorOriginalData/sensorData-1784818625884-a1a33e7849444438adb8ed8a7d4e892a.zip,1784799440000,1784803852000
F0:FA:C7:49:68:73_1784784424_15,5251f62caa604ee69868f7ab9396904f,5251f62caa604ee69868f7ab9396904f1784818824743,HNU212020,kitattachments/20260723/SensorOriginalData/sensorData-1784818825637-3389a4be8d3740e7bd956256fa199fa3.zip,1784784424000,1784799440000
F0:FA:C7:49:68:73_1784779774_14,5251f62caa604ee69868f7ab9396904f,5251f62caa604ee69868f7ab9396904f1784819033348,HNU212020,kitattachments/20260723/SensorOriginalData/sensorData-1784819033976-2184267dfc2f47bfb246f7b0e0a709bd.zip,1784779774000,1784784424000
F0:FA:C7:49:68:73_1784775363_13,5251f62caa604ee69868f7ab9396904f,null1784819272451,HNU212020,kitattachments/20260723/SensorOriginalData/sensorData-1784819273085-1fe9adf4efdd46e89b7187b9ebd6edc7.zip,1784775363000,1784779774000
F0:FA:C7:49:68:73_1784770951_12,5251f62caa604ee69868f7ab9396904f,null1784819432298,HNU212020,kitattachments/20260723/SensorOriginalData/sensorData-1784819432939-bbd2721cebb548dab911657abab8d45d.zip,1784770951000,1784775363000
F0:FA:C7:49:68:73_1784766417_11,5251f62caa604ee69868f7ab9396904f,null1784819616051,HNU212020,kitattachments/20260723/SensorOriginalData/sensorData-1784819616656-42f8dc824f864cc9b90825a3941b6a06.zip,1784766417000,1784770950000
F0:FA:C7:49:68:73_1784726691_10,5251f62caa604ee69868f7ab9396904f,5251f62caa604ee69868f7ab9396904f1784821279226,HNU212020,kitattachments/20260723/SensorOriginalData/sensorData-1784821279927-3b692e153c5448dcb947820a641e0243.zip,1784726691000,1784766417000
F0:FA:C7:49:68:73_1784722279_9,5251f62caa604ee69868f7ab9396904f,5251f62caa604ee69868f7ab9396904f1784731466903,HNU212020,kitattachments/20260722/SensorOriginalData/sensorData-1784731467534-5b58d529ac704f44b2dc0a43323e0120.zip,1784722279000,1784726691000
F0:FA:C7:49:68:73_1784717863_8,5251f62caa604ee69868f7ab9396904f,5251f62caa604ee69868f7ab9396904f1784731670810,HNU212020,kitattachments/20260722/SensorOriginalData/sensorData-1784731671402-cf866736d6e9408187a46846e44cb53a.zip,1784717863000,1784722279000
F0:FA:C7:49:68:73_1784713331_7,5251f62caa604ee69868f7ab9396904f,5251f62caa604ee69868f7ab9396904f1784731875170,HNU212020,kitattachments/20260722/SensorOriginalData/sensorData-1784731875765-fe257433099c45819bbbd10667dc7181.zip,1784713331000,1784717863000
F0:FA:C7:49:68:73_1784708677_6,5251f62caa604ee69868f7ab9396904f,5251f62caa604ee69868f7ab9396904f1784732072030,HNU212020,kitattachments/20260722/SensorOriginalData/sensorData-1784732072636-e3862efea38d4c8b83d2e8565d4c2ad2.zip,1784708677000,1784713331000
F0:FA:C7:49:68:73_1784704264_5,5251f62caa604ee69868f7ab9396904f,5251f62caa604ee69868f7ab9396904f1784732272347,HNU212020,kitattachments/20260722/SensorOriginalData/sensorData-1784732273240-5100adf8312e4c82a2c47f2330bcbe15.zip,1784704264000,1784708677000
F0:FA:C7:49:68:73_1784691032_4,5251f62caa604ee69868f7ab9396904f,null1784732479884,HNU212020,kitattachments/20260722/SensorOriginalData/sensorData-1784732480413-96816ad7418e4131b907ea891065d2c5.zip,1784691032000,1784704263000
F0:FA:C7:49:68:73_1784686438_3,5251f62caa604ee69868f7ab9396904f,5251f62caa604ee69868f7ab9396904f1784735506910,HNU212020,kitattachments/20260722/SensorOriginalData/sensorData-1784735507440-22f3e2e0a479479eb7e25b7ea3ccb70c.zip,1784686438000,1784691032000
F0:FA:C7:49:68:73_1784681906_2,5251f62caa604ee69868f7ab9396904f,5251f62caa604ee69868f7ab9396904f1784735592748,HNU212020,kitattachments/20260722/SensorOriginalData/sensorData-1784735612740-8e225c941db9484dba7cffe620d4371e.zip,1784681906000,1784686438000
F0:FA:C7:49:68:73_1784635022_1,5251f62caa604ee69868f7ab9396904f,5251f62caa604ee69868f7ab9396904f1784735781379,HNU212020,kitattachments/20260722/SensorOriginalData/sensorData-1784735781824-6792105cec0d421d951e103164d009a0.zip,1784635022000,1784681906000
F0:FA:C7:49:67:DF_1784901825_28,05d6fc6ae8e1437f968a9570471e7f74,05d6fc6ae8e1437f968a9570471e7f741784902737469,HNU21022,kitattachments/20260724/SensorOriginalData/sensorData-1784902737947-d4658a1321664a8db561dd6a8378ff26.zip,1784901825000,1784902279000
F0:FA:C7:49:67:DF_1784897436_27,05d6fc6ae8e1437f968a9570471e7f74,05d6fc6ae8e1437f968a9570471e7f741784903149163,HNU21022,kitattachments/20260724/SensorOriginalData/sensorData-1784903150105-ee5ccecd997d42baaa1e905a6476f168.zip,1784897436000,1784901825000
F0:FA:C7:49:67:DF_1784893046_26,05d6fc6ae8e1437f968a9570471e7f74,05d6fc6ae8e1437f968a9570471e7f741784903447048,HNU21022,kitattachments/20260724/SensorOriginalData/sensorData-1784903448229-55478db6be244183bdd9cabb4cd25930.zip,1784893046000,1784897436000
F0:FA:C7:49:67:DF_1784888657_25,05d6fc6ae8e1437f968a9570471e7f74,05d6fc6ae8e1437f968a9570471e7f741784903743600,HNU21022,kitattachments/20260724/SensorOriginalData/sensorData-1784903745127-6c22e0d3c1ba4ae79b1c8ce779356182.zip,1784888657000,1784893046000
F0:FA:C7:49:67:DF_1784884267_24,05d6fc6ae8e1437f968a9570471e7f74,05d6fc6ae8e1437f968a9570471e7f741784904041326,HNU21022,kitattachments/20260724/SensorOriginalData/sensorData-1784904042870-9d6eab2ad030443aaf1669e9f93ad5f7.zip,1784884267000,1784888657000
F0:FA:C7:49:67:DF_1784879878_23,05d6fc6ae8e1437f968a9570471e7f74,05d6fc6ae8e1437f968a9570471e7f741784904338717,HNU21022,kitattachments/20260724/SensorOriginalData/sensorData-1784904340146-1be885ab9d214d38842b6257ca4d37c3.zip,1784879878000,1784884267000
F0:FA:C7:49:67:DF_1784875489_22,05d6fc6ae8e1437f968a9570471e7f74,05d6fc6ae8e1437f968a9570471e7f741784906410707,HNU21022,kitattachments/20260724/SensorOriginalData/sensorData-1784906411236-f88e23f88ab64737bb4d315eeb6171bd.zip,1784875489000,1784879877000
F0:FA:C7:49:67:DF_1784871101_21,05d6fc6ae8e1437f968a9570471e7f74,05d6fc6ae8e1437f968a9570471e7f741784906412249,HNU21022,kitattachments/20260724/SensorOriginalData/sensorData-1784906412511-de1ccfc5265347b6ba2510e9a56fa4df.zip,1784871101000,1784875489000
F0:FA:C7:49:67:DF_1784825306_20,05d6fc6ae8e1437f968a9570471e7f74,05d6fc6ae8e1437f968a9570471e7f741784906413541,HNU21022,kitattachments/20260724/SensorOriginalData/sensorData-1784906413835-fcea89864f8c48658ef2460ad51556c4.zip,1784825306000,1784871101000
F0:FA:C7:49:67:DF_1784811972_19,05d6fc6ae8e1437f968a9570471e7f74,05d6fc6ae8e1437f968a9570471e7f741784906414926,HNU21022,kitattachments/20260724/SensorOriginalData/sensorData-1784906415168-326fabf2a0ff4ff59a3b2ca9832c5ef5.zip,1784811972000,1784825306000
F0:FA:C7:49:67:DF_1784807581_18,05d6fc6ae8e1437f968a9570471e7f74,05d6fc6ae8e1437f968a9570471e7f741784817476521,HNU21022,kitattachments/20260723/SensorOriginalData/sensorData-1784817477373-c288ae47c0a54725b44b25cc1e06d430.zip,1784807581000,1784811972000
F0:FA:C7:49:67:DF_1784803045_17,05d6fc6ae8e1437f968a9570471e7f74,05d6fc6ae8e1437f968a9570471e7f741784817979931,HNU21022,kitattachments/20260723/SensorOriginalData/sensorData-1784817982021-4914fe5f55884464883be96166d2b4e8.zip,1784803045000,1784807581000
F0:FA:C7:49:67:DF_1784797016_16,05d6fc6ae8e1437f968a9570471e7f74,05d6fc6ae8e1437f968a9570471e7f741784818476442,HNU21022,kitattachments/20260723/SensorOriginalData/sensorData-1784818477202-18a84b1a63724b43ad7d0e78848032df.zip,1784797016000,1784803045000
F0:FA:C7:49:67:DF_1784792629_15,05d6fc6ae8e1437f968a9570471e7f74,05d6fc6ae8e1437f968a9570471e7f741784818670466,HNU21022,kitattachments/20260723/SensorOriginalData/sensorData-1784818671111-f530d6e35f514820b2a297a18e98279a.zip,1784792629000,1784797016000
F0:FA:C7:49:67:DF_1784788235_14,05d6fc6ae8e1437f968a9570471e7f74,05d6fc6ae8e1437f968a9570471e7f741784801560939,HNU21022,kitattachments/20260723/SensorOriginalData/sensorData-1784801561558-2c416570bd534cc982202de10c860455.zip,1784788235000,1784792628000
F0:FA:C7:49:67:DF_1784783846_13,05d6fc6ae8e1437f968a9570471e7f74,05d6fc6ae8e1437f968a9570471e7f741784801878225,HNU21022,kitattachments/20260723/SensorOriginalData/sensorData-1784801879268-07c4790a621544eda12862d6140c5415.zip,1784783846000,1784788235000
F0:FA:C7:49:67:DF_1784779455_12,05d6fc6ae8e1437f968a9570471e7f74,05d6fc6ae8e1437f968a9570471e7f741784818991996,HNU21022,kitattachments/20260723/SensorOriginalData/sensorData-1784818992887-99ffd6fce5b442a4b72770c879a0bc4b.zip,1784779455000,1784783846000
F0:FA:C7:49:67:DF_1784775065_11,05d6fc6ae8e1437f968a9570471e7f74,05d6fc6ae8e1437f968a9570471e7f741784819497162,HNU21022,kitattachments/20260723/SensorOriginalData/sensorData-1784819498364-bb0918d5bc184136b4b190af5bf49bf6.zip,1784775065000,1784779455000
F0:FA:C7:49:67:DF_1784770675_10,05d6fc6ae8e1437f968a9570471e7f74,05d6fc6ae8e1437f968a9570471e7f741784819997846,HNU21022,kitattachments/20260723/SensorOriginalData/sensorData-1784819998734-c1308875e6a6434693c5f8cc38a1f5d8.zip,1784770675000,1784775065000
F0:FA:C7:49:67:DF_1784733630_9,05d6fc6ae8e1437f968a9570471e7f74,05d6fc6ae8e1437f968a9570471e7f741784820482347,HNU21022,kitattachments/20260723/SensorOriginalData/sensorData-1784820483310-da4e8f8811f74f859b63f6ded9526cf7.zip,1784733630000,1784770675000
F0:FA:C7:49:67:DF_1784729241_8,05d6fc6ae8e1437f968a9570471e7f74,05d6fc6ae8e1437f968a9570471e7f741784735487101,HNU21022,kitattachments/20260722/SensorOriginalData/sensorData-1784735487822-42ff75d71955411f93a7198403248ceb.zip,1784729241000,1784733630000
F0:FA:C7:49:67:DF_1784724851_7,05d6fc6ae8e1437f968a9570471e7f74,05d6fc6ae8e1437f968a9570471e7f741784735791425,HNU21022,kitattachments/20260722/SensorOriginalData/sensorData-1784735792160-7b7ec8d993eb4e969aee9c514857e72a.zip,1784724851000,1784729240000
F0:FA:C7:49:67:DF_1784720145_6,05d6fc6ae8e1437f968a9570471e7f74,05d6fc6ae8e1437f968a9570471e7f741784736092913,HNU21022,kitattachments/20260723/SensorOriginalData/sensorData-1784736093962-a31cfcac491e4cb4bc2e72e80512485d.zip,1784720145000,1784724851000
F0:FA:C7:49:67:DF_1784715513_5,05d6fc6ae8e1437f968a9570471e7f74,05d6fc6ae8e1437f968a9570471e7f741784736395795,HNU21022,kitattachments/20260723/SensorOriginalData/sensorData-1784736396842-45004dfae20247d3b53d7eb0f7cfe145.zip,1784715513000,1784720145000
F0:FA:C7:49:67:DF_1784711123_4,05d6fc6ae8e1437f968a9570471e7f74,05d6fc6ae8e1437f968a9570471e7f741784736694760,HNU21022,kitattachments/20260723/SensorOriginalData/sensorData-1784736695388-d9c7a0de10624f46a7ff3f9d2559e361.zip,1784711123000,1784715513000
F0:FA:C7:49:67:DF_1784706613_3,05d6fc6ae8e1437f968a9570471e7f74,05d6fc6ae8e1437f968a9570471e7f741784737019900,HNU21022,kitattachments/20260723/SensorOriginalData/sensorData-1784737021293-fd2268c343c24b05bfb876a88fd031a3.zip,1784706613000,1784711123000
F0:FA:C7:49:67:DF_1784702099_2,05d6fc6ae8e1437f968a9570471e7f74,05d6fc6ae8e1437f968a9570471e7f741784737352663,HNU21022,kitattachments/20260723/SensorOriginalData/sensorData-1784737354026-3c995764651e4db3826a4c3586c7eea0.zip,1784702099000,1784706613000
F0:FA:C7:49:67:DF_1784648190_1,05d6fc6ae8e1437f968a9570471e7f74,05d6fc6ae8e1437f968a9570471e7f741784737650714,HNU21022,kitattachments/20260723/SensorOriginalData/sensorData-1784737651615-eafa124158f44108938eb0166e96f532.zip,1784648190000,1784702098000
F0:FA:C7:49:67:DE_1785667966_35,e85e3288a5dc44699806180319363b0a,e85e3288a5dc44699806180319363b0a1785671590716,HNU21026,kitattachments/20260802/SensorOriginalData/sensorData-1785671591655-1fae96dbc61d461f89d00fa1626bdcee.zip,1785667966000,1785671271000
F0:FA:C7:49:67:DE_1785663565_34,e85e3288a5dc44699806180319363b0a,e85e3288a5dc44699806180319363b0a1785671973891,HNU21026,kitattachments/20260802/SensorOriginalData/sensorData-1785671974755-29c4439703494ba5bdc498a58c3d234f.zip,1785663565000,1785667966000
F0:FA:C7:49:67:DE_1785659163_33,e85e3288a5dc44699806180319363b0a,e85e3288a5dc44699806180319363b0a1785672316529,HNU21026,kitattachments/20260802/SensorOriginalData/sensorData-1785672317337-2a36b200c9a94d3ab14f0d753eb68abb.zip,1785659163000,1785663565000
F0:FA:C7:49:67:DE_1785654764_32,e85e3288a5dc44699806180319363b0a,e85e3288a5dc44699806180319363b0a1785672586788,HNU21026,kitattachments/20260802/SensorOriginalData/sensorData-1785672588034-ac718079fb8e4cdda5bb3be64bbed446.zip,1785654764000,1785659163000
F0:FA:C7:49:67:DE_1785650129_31,e85e3288a5dc44699806180319363b0a,e85e3288a5dc44699806180319363b0a1785672917789,HNU21026,kitattachments/20260802/SensorOriginalData/sensorData-1785672919238-ba5839e062ee452c816726d72e42c281.zip,1785650129000,1785654764000
F0:FA:C7:49:67:DE_1785645732_30,e85e3288a5dc44699806180319363b0a,e85e3288a5dc44699806180319363b0a1785673513398,HNU21026,kitattachments/20260802/SensorOriginalData/sensorData-1785673514206-c8c667b85bb14b78adfac67d6ccab644.zip,1785645732000,1785650129000
F0:FA:C7:49:67:DE_1785586214_29,e85e3288a5dc44699806180319363b0a,e85e3288a5dc44699806180319363b0a1785673955331,HNU21026,kitattachments/20260802/SensorOriginalData/sensorData-1785673956756-001a2ce7d38c4bd8b7bd5674436560b4.zip,1785586214000,1785645732000
F0:FA:C7:49:67:DE_1785581817_28,e85e3288a5dc44699806180319363b0a,e85e3288a5dc44699806180319363b0a1785654138402,HNU21026,kitattachments/20260802/SensorOriginalData/sensorData-1785654138872-b6513810497e4b31be9c40c31e31670d.zip,1785581817000,1785586214000
F0:FA:C7:49:67:DE_1785577297_27,e85e3288a5dc44699806180319363b0a,e85e3288a5dc44699806180319363b0a1785654139597,HNU21026,kitattachments/20260802/SensorOriginalData/sensorData-1785654139842-00cf7c6ce56d43c0b83378b9fd2aa9ce.zip,1785577297000,1785581816000
F0:FA:C7:49:67:DE_1785572900_26,e85e3288a5dc44699806180319363b0a,e85e3288a5dc44699806180319363b0a1785654140828,HNU21026,kitattachments/20260802/SensorOriginalData/sensorData-1785654141055-62776a54bbd648ba889c7fc7d612f4bd.zip,1785572900000,1785577297000
F0:FA:C7:49:67:DE_1785568498_25,e85e3288a5dc44699806180319363b0a,e85e3288a5dc44699806180319363b0a1785654141815,HNU21026,kitattachments/20260802/SensorOriginalData/sensorData-1785654142014-a7ea939246cf425cad79b419ce6f3e1d.zip,1785568498000,1785572900000
F0:FA:C7:49:67:DE_1785563937_24,e85e3288a5dc44699806180319363b0a,e85e3288a5dc44699806180319363b0a1785654142856,HNU21026,kitattachments/20260802/SensorOriginalData/sensorData-1785654143102-1b626a1623bf4cdda273933e35cd096b.zip,1785563937000,1785568498000
F0:FA:C7:49:67:DE_1785501151_23,e85e3288a5dc44699806180319363b0a,e85e3288a5dc44699806180319363b0a1785654143917,HNU21026,kitattachments/20260802/SensorOriginalData/sensorData-1785654144241-6050bc6f1ad248738808212d33e52273.zip,1785501151000,1785563937000
F0:FA:C7:49:67:DE_1785496632_22,e85e3288a5dc44699806180319363b0a,e85e3288a5dc44699806180319363b0a1785505301948,HNU21026,kitattachments/20260731/SensorOriginalData/sensorData-1785505302218-1a9aadfc3d5a446d9dd17708e7fb569b.zip,1785496632000,1785501151000
F0:FA:C7:49:67:DE_1785492234_21,e85e3288a5dc44699806180319363b0a,e85e3288a5dc44699806180319363b0a1785505302838,HNU21026,kitattachments/20260731/SensorOriginalData/sensorData-1785505303147-efff5d195ca04806a2f6029b40e82929.zip,1785492234000,1785496632000
F0:FA:C7:49:67:DE_1785487836_20,e85e3288a5dc44699806180319363b0a,e85e3288a5dc44699806180319363b0a1785505303722,HNU21026,kitattachments/20260731/SensorOriginalData/sensorData-1785505303981-9602f928d5b54c0caa6ef9e6926e5989.zip,1785487836000,1785492234000
F0:FA:C7:49:67:DE_1785483434_19,e85e3288a5dc44699806180319363b0a,e85e3288a5dc44699806180319363b0a1785505304615,HNU21026,kitattachments/20260731/SensorOriginalData/sensorData-1785505304940-0fb2a9ee4538423ca2e7ffe622a80997.zip,1785483434000,1785487835000
F0:FA:C7:49:67:DE_1785479033_18,e85e3288a5dc44699806180319363b0a,e85e3288a5dc44699806180319363b0a1785505305916,HNU21026,kitattachments/20260731/SensorOriginalData/sensorData-1785505306199-fe7bdda166644c539c662fcc92bb7963.zip,1785479033000,1785483434000
F0:FA:C7:49:67:DE_1785472192_17,e85e3288a5dc44699806180319363b0a,e85e3288a5dc44699806180319363b0a1785505306738,HNU21026,kitattachments/20260731/SensorOriginalData/sensorData-1785505307079-195184ccdfb34b08b11e02198f1bd4e6.zip,1785472192000,1785479033000
F0:FA:C7:49:67:DE_1785467793_16,e85e3288a5dc44699806180319363b0a,e85e3288a5dc44699806180319363b0a1785505308074,HNU21026,kitattachments/20260731/SensorOriginalData/sensorData-1785505308448-cbaa546b4fd94f758a8a17d36beeeffc.zip,1785467793000,1785472192000
F0:FA:C7:49:67:DE_1785411357_15,e85e3288a5dc44699806180319363b0a,e85e3288a5dc44699806180319363b0a1785505308938,HNU21026,kitattachments/20260731/SensorOriginalData/sensorData-1785505309297-7893f04e732043d59544be1b9e3479d7.zip,1785411357000,1785467792000
F0:FA:C7:49:67:DE_1785406957_14,e85e3288a5dc44699806180319363b0a,e85e3288a5dc44699806180319363b0a1785417038360,HNU21026,kitattachments/20260730/SensorOriginalData/sensorData-1785417044363-cac87f488f8d416f8cc6f330871bba0d.zip,1785406957000,1785411357000
F0:FA:C7:49:67:DE_1785402317_13,e85e3288a5dc44699806180319363b0a,e85e3288a5dc44699806180319363b0a1785417035294,HNU21026,kitattachments/20260730/SensorOriginalData/sensorData-1785417036164-bb6ae9a6321d46a58f9d18aa55000d0c.zip,1785402317000,1785406957000
F0:FA:C7:49:67:DE_1785397917_12,e85e3288a5dc44699806180319363b0a,e85e3288a5dc44699806180319363b0a1785417033769,HNU21026,kitattachments/20260730/SensorOriginalData/sensorData-1785417035409-88fabf0765914c22a42b90e5ae8ab007.zip,1785397917000,1785402317000
F0:FA:C7:49:67:DE_1785393398_11,e85e3288a5dc44699806180319363b0a,e85e3288a5dc44699806180319363b0a1785417031884,HNU21026,kitattachments/20260730/SensorOriginalData/sensorData-1785417035785-cdaec9aef01e4b2489d059f55ee63684.zip,1785393398000,1785397917000
F0:FA:C7:49:67:DE_1785388998_10,e85e3288a5dc44699806180319363b0a,e85e3288a5dc44699806180319363b0a1785417030701,HNU21026,kitattachments/20260730/SensorOriginalData/sensorData-1785417035177-a674a1d9b08d4921a1d173e3523f5543.zip,1785388998000,1785393398000
F0:FA:C7:49:67:DE_1785384601_9,e85e3288a5dc44699806180319363b0a,e85e3288a5dc44699806180319363b0a1785417029013,HNU21026,kitattachments/20260730/SensorOriginalData/sensorData-1785417029511-31c624db544a47d4b6702c2d6f1e0ff4.zip,1785384601000,1785388998000
F0:FA:C7:49:67:DE_1785380019_8,e85e3288a5dc44699806180319363b0a,e85e3288a5dc44699806180319363b0a1785417027746,HNU21026,kitattachments/20260730/SensorOriginalData/sensorData-1785417027978-0ab8d686780b49a28d80e75476fc6749.zip,1785380019000,1785384601000
F0:FA:C7:49:67:DE_1785375500_7,e85e3288a5dc44699806180319363b0a,e85e3288a5dc44699806180319363b0a1785417026107,HNU21026,kitattachments/20260730/SensorOriginalData/sensorData-1785417027341-20fed6c8fad54e64819f3c0a06ac12c9.zip,1785375500000,1785380018000
F0:FA:C7:49:67:DE_1785331965_6,e85e3288a5dc44699806180319363b0a,e85e3288a5dc44699806180319363b0a1785417071510,HNU21026,kitattachments/20260730/SensorOriginalData/sensorData-1785417072281-040ee0f805a949d69c9837b0958cf9e7.zip,1785331965000,1785375500000
F0:FA:C7:49:67:DE_1785327567_5,e85e3288a5dc44699806180319363b0a,e85e3288a5dc44699806180319363b0a1785335238638,HNU21026,kitattachments/20260729/SensorOriginalData/sensorData-1785335239745-f722e0f705d74d418c1da62b1c243527.zip,1785327567000,1785331965000
F0:FA:C7:49:67:DE_1785323156_4,e85e3288a5dc44699806180319363b0a,e85e3288a5dc44699806180319363b0a1785335239804,HNU21026,kitattachments/20260729/SensorOriginalData/sensorData-1785335240072-a1d5d07684844b069980aa69351fb1d2.zip,1785323156000,1785327567000
F0:FA:C7:49:67:DE_1785318558_3,e85e3288a5dc44699806180319363b0a,e85e3288a5dc44699806180319363b0a1785335240810,HNU21026,kitattachments/20260729/SensorOriginalData/sensorData-1785335241054-d58e65b9782e4dfe81d0159ef1784e9a.zip,1785318558000,1785323156000
F0:FA:C7:49:67:DE_1785314157_2,e85e3288a5dc44699806180319363b0a,e85e3288a5dc44699806180319363b0a1785335241824,HNU21026,kitattachments/20260729/SensorOriginalData/sensorData-1785335242077-f7056a9fd5ad49718c57a1b866969073.zip,1785314157000,1785318558000
F0:FA:C7:49:67:DE_1785309637_1,e85e3288a5dc44699806180319363b0a,e85e3288a5dc44699806180319363b0a1785335242917,HNU21026,kitattachments/20260729/SensorOriginalData/sensorData-1785335243144-9fbf09d38e4d442e8484c4d2e16f051f.zip,1785309637000,1785314157000
F0:FA:C7:49:67:DE_1785231195_28,7dbdcac93f34498bb011e1f8fff523a7,7dbdcac93f34498bb011e1f8fff523a71785238613829,HNU21038,kitattachments/20260728/SensorOriginalData/sensorData-1785238614629-928b7e4644a94c8da08d9233ed2515af.zip,1785231195000,1785237234000
F0:FA:C7:49:67:DE_1785226797_27,7dbdcac93f34498bb011e1f8fff523a7,7dbdcac93f34498bb011e1f8fff523a71785235909873,HNU21038,kitattachments/20260728/SensorOriginalData/sensorData-1785235910746-36242c47846a4f89a086ca78f3df4bbc.zip,1785226797000,1785231195000
F0:FA:C7:49:67:DE_1785222399_26,7dbdcac93f34498bb011e1f8fff523a7,7dbdcac93f34498bb011e1f8fff523a71785236335153,HNU21038,kitattachments/20260728/SensorOriginalData/sensorData-1785236336110-428e523d39e3459184a83591c703d367.zip,1785222399000,1785226797000
F0:FA:C7:49:67:DE_1785217639_25,7dbdcac93f34498bb011e1f8fff523a7,7dbdcac93f34498bb011e1f8fff523a71785237233208,HNU21038,kitattachments/20260728/SensorOriginalData/sensorData-1785237234445-09224c6428a849acab4955a7bff4113d.zip,1785217639000,1785222399000
F0:FA:C7:49:67:DE_1785213002_24,7dbdcac93f34498bb011e1f8fff523a7,7dbdcac93f34498bb011e1f8fff523a71785237950257,HNU21038,kitattachments/20260728/SensorOriginalData/sensorData-1785237951191-23df8833f8ee420d996aa289a620967d.zip,1785213002000,1785217639000
F0:FA:C7:49:67:DE_1785208603_23,7dbdcac93f34498bb011e1f8fff523a7,7dbdcac93f34498bb011e1f8fff523a71785238995389,HNU21038,kitattachments/20260728/SensorOriginalData/sensorData-1785238995649-1c0a187028e54d0c9976817f99a31238.zip,1785208603000,1785213002000
F0:FA:C7:49:67:DE_1785153558_21,7dbdcac93f34498bb011e1f8fff523a7,7dbdcac93f34498bb011e1f8fff523a71785156931893,HNU21038,kitattachments/20260727/SensorOriginalData/sensorData-1785156932773-764dae60cc1a48b9a6e2656b28f93ed7.zip,1785153558000,1785156659000
F0:FA:C7:49:67:DE_1785148844_20,7dbdcac93f34498bb011e1f8fff523a7,7dbdcac93f34498bb011e1f8fff523a71785157285987,HNU21038,kitattachments/20260727/SensorOriginalData/sensorData-1785157286738-1bca13a0b84a4949bb612844df483423.zip,1785148844000,1785153558000
F0:FA:C7:49:67:DE_1785144444_19,7dbdcac93f34498bb011e1f8fff523a7,7dbdcac93f34498bb011e1f8fff523a71785157638056,HNU21038,kitattachments/20260727/SensorOriginalData/sensorData-1785157638961-9ae2c5ffbaa843778ff0b53c51f63ec5.zip,1785144444000,1785148844000
F0:FA:C7:49:67:DE_1785140044_18,7dbdcac93f34498bb011e1f8fff523a7,7dbdcac93f34498bb011e1f8fff523a71785163204538,HNU21038,kitattachments/20260727/SensorOriginalData/sensorData-1785163205450-fb0d6764921a433d9b28525d184ce02d.zip,1785140044000,1785144444000
F0:FA:C7:49:67:DE_1785135644_17,7dbdcac93f34498bb011e1f8fff523a7,7dbdcac93f34498bb011e1f8fff523a71785158007258,HNU21038,kitattachments/20260727/SensorOriginalData/sensorData-1785158008519-56406f9a3ca645dbadb0cf57678f4045.zip,1785135644000,1785140044000
F0:FA:C7:49:67:DE_1785131247_16,7dbdcac93f34498bb011e1f8fff523a7,7dbdcac93f34498bb011e1f8fff523a71785158426619,HNU21038,kitattachments/20260727/SensorOriginalData/sensorData-1785158427745-eb58857778404fc892b862e085ae409e.zip,1785131247000,1785135644000
F0:FA:C7:49:67:DE_1785126848_15,7dbdcac93f34498bb011e1f8fff523a7,7dbdcac93f34498bb011e1f8fff523a71785159842872,HNU21038,kitattachments/20260727/SensorOriginalData/sensorData-1785159844198-20cbc8c32a2f4bed917839b99a89bf88.zip,1785126848000,1785131247000
F0:FA:C7:49:67:DE_1785122012_14,7dbdcac93f34498bb011e1f8fff523a7,7dbdcac93f34498bb011e1f8fff523a71785160706940,HNU21038,kitattachments/20260727/SensorOriginalData/sensorData-1785160707702-dfb2ca736ce54da3811780dd6341850c.zip,1785122012000,1785126848000
F0:FA:C7:49:67:DE_1785117161_13,7dbdcac93f34498bb011e1f8fff523a7,7dbdcac93f34498bb011e1f8fff523a71785161718906,HNU21038,kitattachments/20260727/SensorOriginalData/sensorData-1785161720053-fe30ec1576954b6bbb66dd1bbf596cab.zip,1785117161000,1785122012000
F0:FA:C7:49:67:DE_1785071142_12,7dbdcac93f34498bb011e1f8fff523a7,7dbdcac93f34498bb011e1f8fff523a71785238948068,HNU21038,kitattachments/20260728/SensorOriginalData/sensorData-1785238948640-1897f1bf0acd45229757c89cd0934cc8.zip,1785071142000,1785117161000
F0:FA:C7:49:67:DE_1785066621_11,7dbdcac93f34498bb011e1f8fff523a7,7dbdcac93f34498bb011e1f8fff523a71785075202547,HNU21038,kitattachments/20260726/SensorOriginalData/sensorData-1785075203251-9453ba350e6248159266004931b0c36a.zip,1785066621000,1785071142000
F0:FA:C7:49:67:DE_1785061740_10,7dbdcac93f34498bb011e1f8fff523a7,7dbdcac93f34498bb011e1f8fff523a71785075691991,HNU21038,kitattachments/20260726/SensorOriginalData/sensorData-1785075693134-40a58259b76442aa9928e870717fc617.zip,1785061740000,1785066621000
F0:FA:C7:49:67:DE_1785056486_9,7dbdcac93f34498bb011e1f8fff523a7,7dbdcac93f34498bb011e1f8fff523a71785075853308,HNU21038,kitattachments/20260726/SensorOriginalData/sensorData-1785075854165-4901234c97da46c08a84b2d7e404f3b3.zip,1785056486000,1785061740000
F0:FA:C7:49:67:DE_1785039776_8,7dbdcac93f34498bb011e1f8fff523a7,7dbdcac93f34498bb011e1f8fff523a71785059001237,HNU21038,kitattachments/20260726/SensorOriginalData/sensorData-1785059001985-5a819c6757f64e45acf3323ec15b28ad.zip,1785039776000,1785054943000
F0:FA:C7:49:67:DE_1784987491_7,7dbdcac93f34498bb011e1f8fff523a7,null1785051447159,HNU21038,kitattachments/20260726/SensorOriginalData/sensorData-1785051447923-9d370f2dfa2e4671be01ea604c5b9cf0.zip,1784987491000,1785039776000
F0:FA:C7:49:67:DE_1784983091_6,7dbdcac93f34498bb011e1f8fff523a7,7dbdcac93f34498bb011e1f8fff523a71784990589598,HNU21038,kitattachments/20260725/SensorOriginalData/sensorData-1784990590371-a1011d168af84d55bb84729022de993b.zip,1784983091000,1784987491000
F0:FA:C7:49:67:DE_1784978686_5,7dbdcac93f34498bb011e1f8fff523a7,7dbdcac93f34498bb011e1f8fff523a71785054952818,HNU21038,kitattachments/20260726/SensorOriginalData/sensorData-1785054953067-56139c7570e740df8a22944a39fbb6a7.zip,1784978686000,1784983091000
F0:FA:C7:49:67:DE_1784973809_4,7dbdcac93f34498bb011e1f8fff523a7,7dbdcac93f34498bb011e1f8fff523a71785054953817,HNU21038,kitattachments/20260726/SensorOriginalData/sensorData-1785054954104-4a251f4228cc494f9b0745cb7697382f.zip,1784973809000,1784978686000
F0:FA:C7:49:67:DE_1784969409_3,7dbdcac93f34498bb011e1f8fff523a7,7dbdcac93f34498bb011e1f8fff523a71785052952234,HNU21038,kitattachments/20260726/SensorOriginalData/sensorData-1785052953538-db021bca1cb14c05b64d33184fdac7d4.zip,1784969409000,1784973809000
F0:FA:C7:49:67:DE_1784964889_2,7dbdcac93f34498bb011e1f8fff523a7,7dbdcac93f34498bb011e1f8fff523a71784991551054,HNU21038,kitattachments/20260725/SensorOriginalData/sensorData-1784991552204-c5dea83a79d94da28c03a1775a39bf4f.zip,1784964889000,1784969409000
F0:FA:C7:49:67:DE_1784959796_1,7dbdcac93f34498bb011e1f8fff523a7,7dbdcac93f34498bb011e1f8fff523a71784992126598,HNU21038,kitattachments/20260725/SensorOriginalData/sensorData-1784992126870-01ce0feb26134eeb80e28ed7aebd76bb.zip,1784959796000,1784964889000
F0:FA:C7:49:67:DE_1784902873_23,1eeb0b499d674a78ac0f2ff58ec4cee9,1eeb0b499d674a78ac0f2ff58ec4cee91784954088360,HNU21025,kitattachments/20260725/SensorOriginalData/sensorData-1784954089623-f05f91701eac4526803d6ceab4a1ac4e.zip,1784902873000,1784953751000
F0:FA:C7:49:67:DE_1784898475_22,1eeb0b499d674a78ac0f2ff58ec4cee9,1eeb0b499d674a78ac0f2ff58ec4cee91784904049509,HNU21025,kitattachments/20260724/SensorOriginalData/sensorData-1784904050232-7167b6100ebd48c091d7315c9c7049f3.zip,1784898475000,1784902873000
F0:FA:C7:49:67:DE_1784893944_21,1eeb0b499d674a78ac0f2ff58ec4cee9,1eeb0b499d674a78ac0f2ff58ec4cee91784904363111,HNU21025,kitattachments/20260724/SensorOriginalData/sensorData-1784904363746-a5066959c1654f71a3bbbce9770bcc35.zip,1784893944000,1784898475000
F0:FA:C7:49:67:DE_1784889545_20,1eeb0b499d674a78ac0f2ff58ec4cee9,1eeb0b499d674a78ac0f2ff58ec4cee91784904655573,HNU21025,kitattachments/20260724/SensorOriginalData/sensorData-1784904656783-016f6a7961d54c18905764351a037c10.zip,1784889545000,1784893944000
F0:FA:C7:49:67:DE_1784885144_19,1eeb0b499d674a78ac0f2ff58ec4cee9,1eeb0b499d674a78ac0f2ff58ec4cee91784905437638,HNU21025,kitattachments/20260724/SensorOriginalData/sensorData-1784905438456-381abafb17ff4592bed6b2e04daee652.zip,1784885144000,1784889545000
F0:FA:C7:49:67:DE_1784874994_18,1eeb0b499d674a78ac0f2ff58ec4cee9,1eeb0b499d674a78ac0f2ff58ec4cee91784905748504,HNU21025,kitattachments/20260724/SensorOriginalData/sensorData-1784905749172-746ccd5b69024fafaf660ed4e0b292bf.zip,1784874994000,1784885144000
F0:FA:C7:49:67:DE_1784870595_17,1eeb0b499d674a78ac0f2ff58ec4cee9,1eeb0b499d674a78ac0f2ff58ec4cee91784906156458,HNU21025,kitattachments/20260724/SensorOriginalData/sensorData-1784906157513-e0bfac9d049d4f4e98ed5d185f7b56ad.zip,1784870595000,1784874994000
F0:FA:C7:49:67:DE_1784866173_16,1eeb0b499d674a78ac0f2ff58ec4cee9,null1784906476399,HNU21025,kitattachments/20260724/SensorOriginalData/sensorData-1784906477023-41466c62cb1f4f0ea87a89e9352f2e0b.zip,1784866173000,1784870595000
F0:FA:C7:49:67:DE_1784819968_15,1eeb0b499d674a78ac0f2ff58ec4cee9,1eeb0b499d674a78ac0f2ff58ec4cee91784906706739,HNU21025,kitattachments/20260724/SensorOriginalData/sensorData-1784906707431-831cd8ca31d44432b9e685b1287196ac.zip,1784819968000,1784866173000
F0:FA:C7:49:67:DE_1784815569_14,1eeb0b499d674a78ac0f2ff58ec4cee9,1eeb0b499d674a78ac0f2ff58ec4cee91784821498920,HNU21025,kitattachments/20260723/SensorOriginalData/sensorData-1784821499890-dd9c023031484ace8346edad55a6ed20.zip,1784815569000,1784819968000
F0:FA:C7:49:67:DE_1784804740_13,1eeb0b499d674a78ac0f2ff58ec4cee9,1eeb0b499d674a78ac0f2ff58ec4cee91784821906540,HNU21025,kitattachments/20260723/SensorOriginalData/sensorData-1784821907929-cc33ba1b33e64f26a151d44c3f824064.zip,1784804740000,1784815569000
F0:FA:C7:49:67:DE_1784800343_12,1eeb0b499d674a78ac0f2ff58ec4cee9,null1784822318552,HNU21025,kitattachments/20260723/SensorOriginalData/sensorData-1784822319354-9e0bd67ab55a455f836e68b87db9b90b.zip,1784800343000,1784804740000
F0:FA:C7:49:67:DE_1784795804_11,1eeb0b499d674a78ac0f2ff58ec4cee9,1eeb0b499d674a78ac0f2ff58ec4cee91784822732902,HNU21025,kitattachments/20260724/SensorOriginalData/sensorData-1784822733657-ab5a397c8cfc46a0b252d77864a7cfd2.zip,1784795804000,1784800343000
F0:FA:C7:49:67:DE_1784791408_10,1eeb0b499d674a78ac0f2ff58ec4cee9,1eeb0b499d674a78ac0f2ff58ec4cee91784823592740,HNU21025,kitattachments/20260724/SensorOriginalData/sensorData-1784823593603-88fccda7c75a4a8fbea847a1c16b755a.zip,1784791408000,1784795804000
F0:FA:C7:49:67:DE_1784787009_9,1eeb0b499d674a78ac0f2ff58ec4cee9,1eeb0b499d674a78ac0f2ff58ec4cee91784824004072,HNU21025,kitattachments/20260724/SensorOriginalData/sensorData-1784824005324-09745a8fdce548f8b3119a59a3d94f64.zip,1784787009000,1784791408000
F0:FA:C7:49:67:DE_1784782342_8,1eeb0b499d674a78ac0f2ff58ec4cee9,null1784824409547,HNU21025,kitattachments/20260724/SensorOriginalData/sensorData-1784824410478-e571f0892f5b4a7298a61129f5f7d3db.zip,1784782342000,1784787009000
F0:FA:C7:49:67:DE_1784726961_7,1eeb0b499d674a78ac0f2ff58ec4cee9,null1784824809578,HNU21025,kitattachments/20260724/SensorOriginalData/sensorData-1784824810371-456c2e5236864a7998b39f3e36907044.zip,1784726961000,1784782342000
F0:FA:C7:49:67:DE_1784717673_6,1eeb0b499d674a78ac0f2ff58ec4cee9,1eeb0b499d674a78ac0f2ff58ec4cee91784730899258,HNU21025,kitattachments/20260722/SensorOriginalData/sensorData-1784730899969-2d6830a1e80847459be42866d4214c60.zip,1784717673000,1784726961000
F0:FA:C7:49:67:DE_1784713034_5,1eeb0b499d674a78ac0f2ff58ec4cee9,1eeb0b499d674a78ac0f2ff58ec4cee91784731311170,HNU21025,kitattachments/20260722/SensorOriginalData/sensorData-1784731312539-2d78553a55dd48adb9e20475b2eb0094.zip,1784713034000,1784717673000
F0:FA:C7:49:67:DE_1784708635_4,1eeb0b499d674a78ac0f2ff58ec4cee9,null1784731718649,HNU21025,kitattachments/20260722/SensorOriginalData/sensorData-1784731721448-0f06d200827d48c4ac240dbdd750d86b.zip,1784708635000,1784713034000
F0:FA:C7:49:67:DE_1784704236_3,1eeb0b499d674a78ac0f2ff58ec4cee9,null1784732130496,HNU21025,kitattachments/20260722/SensorOriginalData/sensorData-1784732131274-a088f39b515c40b49aba1a6571c502dd.zip,1784704236000,1784708635000
F0:FA:C7:49:67:DE_1784699832_2,1eeb0b499d674a78ac0f2ff58ec4cee9,null1784732537229,HNU21025,kitattachments/20260722/SensorOriginalData/sensorData-1784732538015-a44af7e873954a20a28492f2589faa53.zip,1784699832000,1784704236000
F0:FA:C7:49:67:DE_1784695285_1,1eeb0b499d674a78ac0f2ff58ec4cee9,1eeb0b499d674a78ac0f2ff58ec4cee91784732942119,HNU21025,kitattachments/20260722/SensorOriginalData/sensorData-1784732942918-385bfbef3f5f4181954239304be119ce.zip,1784695285000,1784699832000
F0:FA:C7:49:67:DB_1785167928_38,e85e3288a5dc44699806180319363b0a,e85e3288a5dc44699806180319363b0a1785169833922,HNU21026j,kitattachments/20260728/SensorOriginalData/sensorData-1785169834711-c6c6e4b0a2814c2790afb92960c2fd96.zip,1785167928000,1785169650000
F0:FA:C7:49:67:DB_1785163524_37,e85e3288a5dc44699806180319363b0a,e85e3288a5dc44699806180319363b0a1785170223432,HNU21026j,kitattachments/20260728/SensorOriginalData/sensorData-1785170224407-42c2291ba4e941c088619601f3832863.zip,1785163524000,1785167928000
F0:FA:C7:49:67:DB_1785159120_36,e85e3288a5dc44699806180319363b0a,e85e3288a5dc44699806180319363b0a1785170565422,HNU21026j,kitattachments/20260728/SensorOriginalData/sensorData-1785170566669-56f694d8db6f4b7e829919a756467149.zip,1785159120000,1785163523000
F0:FA:C7:49:67:DB_1785154717_35,e85e3288a5dc44699806180319363b0a,e85e3288a5dc44699806180319363b0a1785170793310,HNU21026j,kitattachments/20260728/SensorOriginalData/sensorData-1785170794046-ee4c6d6c8236404585f58adb1e48f95c.zip,1785154717000,1785159120000
F0:FA:C7:49:67:DB_1785150149_34,e85e3288a5dc44699806180319363b0a,e85e3288a5dc44699806180319363b0a1785171038423,HNU21026j,kitattachments/20260728/SensorOriginalData/sensorData-1785171039668-8dec8ce374104b8a9e0ffbd939602b5c.zip,1785150149000,1785154717000
F0:FA:C7:49:67:DB_1785145745_33,e85e3288a5dc44699806180319363b0a,e85e3288a5dc44699806180319363b0a1785171267932,HNU21026j,kitattachments/20260728/SensorOriginalData/sensorData-1785171269236-65d62d49ed3442e68ba37c45f2cbeb20.zip,1785145745000,1785150149000
F0:FA:C7:49:67:DB_1785141342_32,e85e3288a5dc44699806180319363b0a,e85e3288a5dc44699806180319363b0a1785171496784,HNU21026j,kitattachments/20260728/SensorOriginalData/sensorData-1785171497912-4bff3deecb5d402992681fa521b8ec02.zip,1785141342000,1785145745000
F0:FA:C7:49:67:DB_1785136939_31,e85e3288a5dc44699806180319363b0a,e85e3288a5dc44699806180319363b0a1785171713831,HNU21026j,kitattachments/20260728/SensorOriginalData/sensorData-1785171714724-b58936ae8776428fafe09dc8c2136615.zip,1785136939000,1785141342000
F0:FA:C7:49:67:DB_1785132537_30,e85e3288a5dc44699806180319363b0a,e85e3288a5dc44699806180319363b0a1785171970633,HNU21026j,kitattachments/20260728/SensorOriginalData/sensorData-1785171971798-18267a2a54ca4deba50e86b07e183ae4.zip,1785132537000,1785136939000
F0:FA:C7:49:67:DB_1785128133_29,e85e3288a5dc44699806180319363b0a,e85e3288a5dc44699806180319363b0a1785172239699,HNU21026j,kitattachments/20260728/SensorOriginalData/sensorData-1785172240698-87e5b0a9435f41a7925e8407b9c334f6.zip,1785128133000,1785132537000
F0:FA:C7:49:67:DB_1785123433_28,e85e3288a5dc44699806180319363b0a,e85e3288a5dc44699806180319363b0a1785172468625,HNU21026j,kitattachments/20260728/SensorOriginalData/sensorData-1785172470259-aad8b9efcd3d43c49e682ab662159048.zip,1785123433000,1785128133000
F0:FA:C7:49:67:DB_1785119029_27,e85e3288a5dc44699806180319363b0a,e85e3288a5dc44699806180319363b0a1785172704985,HNU21026j,kitattachments/20260728/SensorOriginalData/sensorData-1785172705857-c7e461c6aea64e9ca2ae0504a3e2c8a3.zip,1785119029000,1785123433000
F0:FA:C7:49:67:DB_1785114630_26,e85e3288a5dc44699806180319363b0a,e85e3288a5dc44699806180319363b0a1785172973306,HNU21026j,kitattachments/20260728/SensorOriginalData/sensorData-1785172974495-a5208259f8d643ea9d582d5d8e20f87f.zip,1785114630000,1785119029000
F0:FA:C7:49:67:DB_1785063086_25,e85e3288a5dc44699806180319363b0a,e85e3288a5dc44699806180319363b0a1785173285727,HNU21026j,kitattachments/20260728/SensorOriginalData/sensorData-1785173286765-d86c9b0a2e394fd3b9538170eafc02b6.zip,1785063086000,1785114630000
F0:FA:C7:49:67:DB_1784813308_29,2cd18021c05a42c2a8a38d5fa6c39570,2cd18021c05a42c2a8a38d5fa6c395701784816258058,HNU21006,kitattachments/20260723/SensorOriginalData/sensorData-1784816259461-47a21d883e904acd93ac1e1c4dac7d17.zip,1784813308000,1784815974000
F0:FA:C7:49:67:DB_1784808908_28,2cd18021c05a42c2a8a38d5fa6c39570,2cd18021c05a42c2a8a38d5fa6c395701784816612969,HNU21006,kitattachments/20260723/SensorOriginalData/sensorData-1784816613909-cea7b027b1de47d68d9fba7bc42a630f.zip,1784808908000,1784813308000
F0:FA:C7:49:67:DB_1784804233_27,2cd18021c05a42c2a8a38d5fa6c39570,2cd18021c05a42c2a8a38d5fa6c395701784816886571,HNU21006,kitattachments/20260723/SensorOriginalData/sensorData-1784816887457-fd186cd56dd34140ac79fb1f679f170c.zip,1784804233000,1784808908000
F0:FA:C7:49:67:DB_1784799830_26,2cd18021c05a42c2a8a38d5fa6c39570,2cd18021c05a42c2a8a38d5fa6c395701784817159208,HNU21006,kitattachments/20260723/SensorOriginalData/sensorData-1784817160158-1d884baa10e64626988134e53a6eb6f0.zip,1784799830000,1784804233000
F0:FA:C7:49:67:DB_1784789671_25,2cd18021c05a42c2a8a38d5fa6c39570,2cd18021c05a42c2a8a38d5fa6c395701784817425484,HNU21006,kitattachments/20260723/SensorOriginalData/sensorData-1784817426418-87f720772dc9484bb9e8f924afb63847.zip,1784789671000,1784799830000
F0:FA:C7:49:67:DB_1784785267_24,2cd18021c05a42c2a8a38d5fa6c39570,2cd18021c05a42c2a8a38d5fa6c395701784794776587,HNU21006,kitattachments/20260723/SensorOriginalData/sensorData-1784794777533-4c590482e5fa4740b9d4791a0abbc285.zip,1784785267000,1784789671000
F0:FA:C7:49:67:DB_1784780621_23,2cd18021c05a42c2a8a38d5fa6c39570,2cd18021c05a42c2a8a38d5fa6c395701784795054693,HNU21006,kitattachments/20260723/SensorOriginalData/sensorData-1784795055470-8ed34013b2e040d48e62382b6f66bc6c.zip,1784780621000,1784785267000
F0:FA:C7:49:67:DB_1784725944_22,2cd18021c05a42c2a8a38d5fa6c39570,2cd18021c05a42c2a8a38d5fa6c395701784795329037,HNU21006,kitattachments/20260723/SensorOriginalData/sensorData-1784795330243-f779d5c340ab4eef9a1dc94f0a6bed79.zip,1784725944000,1784780621000
F0:FA:C7:49:67:DB_1784721541_21,2cd18021c05a42c2a8a38d5fa6c39570,2cd18021c05a42c2a8a38d5fa6c395701784730237475,HNU21006,kitattachments/20260722/SensorOriginalData/sensorData-1784730238243-aaabd260248648d892782c78d4580df6.zip,1784721541000,1784725944000
F0:FA:C7:49:67:DB_1784716777_20,2cd18021c05a42c2a8a38d5fa6c39570,2cd18021c05a42c2a8a38d5fa6c395701784730508371,HNU21006,kitattachments/20260722/SensorOriginalData/sensorData-1784730509247-4d91b6fa36324de78c9bb59c4041467b.zip,1784716777000,1784721541000
F0:FA:C7:49:67:DB_1784712253_19,2cd18021c05a42c2a8a38d5fa6c39570,2cd18021c05a42c2a8a38d5fa6c395701784730834873,HNU21006,kitattachments/20260722/SensorOriginalData/sensorData-1784730836213-1f97fe5fac9644de99dafb83195ef248.zip,1784712253000,1784716777000
F0:FA:C7:49:67:DB_1784707577_18,2cd18021c05a42c2a8a38d5fa6c39570,2cd18021c05a42c2a8a38d5fa6c395701784731121657,HNU21006,kitattachments/20260722/SensorOriginalData/sensorData-1784731122791-d0721c5c5aee494ebfc4c194891c2e21.zip,1784707577000,1784712253000
F0:FA:C7:49:67:DB_1784703174_17,2cd18021c05a42c2a8a38d5fa6c39570,2cd18021c05a42c2a8a38d5fa6c395701784731409775,HNU21006,kitattachments/20260722/SensorOriginalData/sensorData-1784731410628-9d5624907648428a83cc6cf40812d6ef.zip,1784703174000,1784707577000
F0:FA:C7:49:67:DB_1784698772_16,2cd18021c05a42c2a8a38d5fa6c39570,2cd18021c05a42c2a8a38d5fa6c395701784731691549,HNU21006,kitattachments/20260722/SensorOriginalData/sensorData-1784731692587-58b2372f414a4a7381101addde9e5f6a.zip,1784698772000,1784703174000
F0:FA:C7:49:67:DB_1784693995_15,2cd18021c05a42c2a8a38d5fa6c39570,2cd18021c05a42c2a8a38d5fa6c395701784731976328,HNU21006,kitattachments/20260722/SensorOriginalData/sensorData-1784731977300-6848300842eb42d1b33bbd095ff00239.zip,1784693995000,1784698772000
F0:FA:C7:49:67:DB_1784642576_14,2cd18021c05a42c2a8a38d5fa6c39570,2cd18021c05a42c2a8a38d5fa6c395701784732238564,HNU21006,kitattachments/20260722/SensorOriginalData/sensorData-1784732239560-3e12c29b82404043ab44c6f667a71c27.zip,1784642576000,1784693995000
F0:FA:C7:49:67:DB_1784638173_13,2cd18021c05a42c2a8a38d5fa6c39570,2cd18021c05a42c2a8a38d5fa6c395701784646989283,HNU21006,kitattachments/20260721/SensorOriginalData/sensorData-1784646990266-2f769695c3ab4e46b4c491ecad86e7f9.zip,1784638173000,1784642576000
F0:FA:C7:49:67:DB_1784633359_12,2cd18021c05a42c2a8a38d5fa6c39570,2cd18021c05a42c2a8a38d5fa6c395701784647262044,HNU21006,kitattachments/20260721/SensorOriginalData/sensorData-1784647263099-beadab420ca04857b743d1deb554f1d4.zip,1784633359000,1784638173000
F0:FA:C7:49:67:DB_1784628955_11,2cd18021c05a42c2a8a38d5fa6c39570,2cd18021c05a42c2a8a38d5fa6c395701784647537443,HNU21006,kitattachments/20260721/SensorOriginalData/sensorData-1784647538848-539177d59d4044349ed93818e0c18c52.zip,1784628955000,1784633359000
F0:FA:C7:49:67:DB_1784624430_10,2cd18021c05a42c2a8a38d5fa6c39570,2cd18021c05a42c2a8a38d5fa6c395701784647810537,HNU21006,kitattachments/20260721/SensorOriginalData/sensorData-1784647811337-76c3b3e0f90c4df7b57642f2f2ec5d74.zip,1784624430000,1784628955000
F0:FA:C7:49:67:DB_1784620028_9,2cd18021c05a42c2a8a38d5fa6c39570,2cd18021c05a42c2a8a38d5fa6c395701784648087745,HNU21006,kitattachments/20260721/SensorOriginalData/sensorData-1784648088732-9af3a5f187dd45e280caf2e35be20983.zip,1784620028000,1784624429000
F0:FA:C7:49:67:DB_1784615625_8,2cd18021c05a42c2a8a38d5fa6c39570,2cd18021c05a42c2a8a38d5fa6c395701784648352971,HNU21006,kitattachments/20260721/SensorOriginalData/sensorData-1784648353783-99c46854aa864a0db5accd067552cc69.zip,1784615625000,1784620028000
F0:FA:C7:49:67:DB_1784611026_7,2cd18021c05a42c2a8a38d5fa6c39570,2cd18021c05a42c2a8a38d5fa6c395701784648522549,HNU21006,kitattachments/20260721/SensorOriginalData/sensorData-1784648523396-b756535541c84ac3bc00ea62b30237b7.zip,1784611026000,1784615625000
F0:FA:C7:49:67:DB_1784560444_6,2cd18021c05a42c2a8a38d5fa6c39570,2cd18021c05a42c2a8a38d5fa6c395701784648904113,HNU21006,kitattachments/20260721/SensorOriginalData/sensorData-1784648905124-287c59380f584fef8364189dadb39fdc.zip,1784560444000,1784611026000
F0:FA:C7:49:67:DB_1784556040_5,2cd18021c05a42c2a8a38d5fa6c39570,2cd18021c05a42c2a8a38d5fa6c395701784561522511,HNU21006,kitattachments/20260720/SensorOriginalData/sensorData-1784561523735-0bb499a65cc44377810ae6203e85fe7d.zip,1784556040000,1784560444000
F0:FA:C7:49:67:DB_1784551465_4,2cd18021c05a42c2a8a38d5fa6c39570,2cd18021c05a42c2a8a38d5fa6c395701784561799277,HNU21006,kitattachments/20260720/SensorOriginalData/sensorData-1784561800221-474447081c2243a4a6cd0c83aa009ca8.zip,1784551465000,1784556040000
F0:FA:C7:49:67:DB_1784546932_3,2cd18021c05a42c2a8a38d5fa6c39570,2cd18021c05a42c2a8a38d5fa6c395701784562077076,HNU21006,kitattachments/20260720/SensorOriginalData/sensorData-1784562078053-73bbe3d549a2424b931927f5313e590b.zip,1784546932000,1784551464000
F0:FA:C7:49:67:DB_1784542240_2,2cd18021c05a42c2a8a38d5fa6c39570,2cd18021c05a42c2a8a38d5fa6c395701784562354871,HNU21006,kitattachments/20260720/SensorOriginalData/sensorData-1784562356253-23edff73a65e4e9583c963c5a6ee26dd.zip,1784542240000,1784546932000
F0:FA:C7:49:67:DB_1784537529_1,2cd18021c05a42c2a8a38d5fa6c39570,2cd18021c05a42c2a8a38d5fa6c395701784562627612,HNU21006,kitattachments/20260720/SensorOriginalData/sensorData-1784562628422-f430e65f90d54b7ea4dbd9d98b5c6477.zip,1784537529000,1784542239000
F0:FA:C7:49:67:CE_1785394522_18,96494c3bfa6342fbbaf56f208f3ac4b3,96494c3bfa6342fbbaf56f208f3ac4b31785396561228,hnu21033,kitattachments/20260730/SensorOriginalData/sensorData-1785396561718-5a9a5d4f69ee47c4a48b2eea41ca2547.zip,1785394522000,1785395559000
F0:FA:C7:49:67:CE_1785344269_17,96494c3bfa6342fbbaf56f208f3ac4b3,96494c3bfa6342fbbaf56f208f3ac4b31785396607585,hnu21033,kitattachments/20260730/SensorOriginalData/sensorData-1785396607905-d8ce242ed6ea4e0d817020fedb5b668d.zip,1785344269000,1785394522000
F0:FA:C7:49:67:CE_1785339872_16,96494c3bfa6342fbbaf56f208f3ac4b3,96494c3bfa6342fbbaf56f208f3ac4b31785391972713,hnu21033,kitattachments/20260730/SensorOriginalData/sensorData-1785391973464-4e30a4c4d87c4a9f82112ef2f6fa4f4a.zip,1785339872000,1785344269000
F0:FA:C7:49:67:CE_1785335473_15,96494c3bfa6342fbbaf56f208f3ac4b3,96494c3bfa6342fbbaf56f208f3ac4b31785392176771,hnu21033,kitattachments/20260730/SensorOriginalData/sensorData-1785392177626-b37bb66f6d874c2c922fbc0d8b09dbf9.zip,1785335473000,1785339871000
F0:FA:C7:49:67:CE_1785330955_14,96494c3bfa6342fbbaf56f208f3ac4b3,96494c3bfa6342fbbaf56f208f3ac4b31785404522765,hnu21033,kitattachments/20260730/SensorOriginalData/sensorData-1785404524213-7901f0d601b444b5a3a5466cf255ba0f.zip,1785330955000,1785335473000
F0:FA:C7:49:67:CE_1785308917_13,96494c3bfa6342fbbaf56f208f3ac4b3,96494c3bfa6342fbbaf56f208f3ac4b31785392589407,hnu21033,kitattachments/20260730/SensorOriginalData/sensorData-1785392590219-f94fab9838a34d18810d65cc17e67a56.zip,1785308917000,1785330955000
F0:FA:C7:49:67:CE_1785250040_12,96494c3bfa6342fbbaf56f208f3ac4b3,96494c3bfa6342fbbaf56f208f3ac4b31785311067319,hnu21033,kitattachments/20260729/SensorOriginalData/sensorData-1785311068146-f75a345344c94de887eb054b7b5cc895.zip,1785250040000,1785308917000
F0:FA:C7:49:67:CE_1785244012_11,96494c3bfa6342fbbaf56f208f3ac4b3,96494c3bfa6342fbbaf56f208f3ac4b31785254416609,hnu21033,kitattachments/20260729/SensorOriginalData/sensorData-1785254417625-d9df25e684aa4379beab3c2abf57761a.zip,1785244012000,1785250040000
F0:FA:C7:49:67:CE_1785239610_10,96494c3bfa6342fbbaf56f208f3ac4b3,96494c3bfa6342fbbaf56f208f3ac4b31785248110328,hnu21033,kitattachments/20260728/SensorOriginalData/sensorData-1785248111121-2efd4daa8e6f4cddac08e0aebf47076d.zip,1785239610000,1785244012000
F0:FA:C7:49:67:CE_1785230110_9,96494c3bfa6342fbbaf56f208f3ac4b3,96494c3bfa6342fbbaf56f208f3ac4b31785248307264,hnu21033,kitattachments/20260728/SensorOriginalData/sensorData-1785248309210-f9988406a05840659445a9ffea245bb0.zip,1785230110000,1785239610000
F0:FA:C7:49:67:CE_1785210813_8,96494c3bfa6342fbbaf56f208f3ac4b3,96494c3bfa6342fbbaf56f208f3ac4b31785231129369,hnu21033,kitattachments/20260728/SensorOriginalData/sensorData-1785231130682-a2bd9f514fc34c829d872d4e0efc4df4.zip,1785210813000,1785230110000
F0:FA:C7:49:67:CE_1785173802_7,96494c3bfa6342fbbaf56f208f3ac4b3,96494c3bfa6342fbbaf56f208f3ac4b31785231331778,hnu21033,kitattachments/20260728/SensorOriginalData/sensorData-1785231332589-8d5c96322be341f48352c494d9a8f1f1.zip,1785173802000,1785210813000
F0:FA:C7:49:67:CE_1785163085_6,96494c3bfa6342fbbaf56f208f3ac4b3,96494c3bfa6342fbbaf56f208f3ac4b31785231597092,hnu21033,kitattachments/20260728/SensorOriginalData/sensorData-1785231598407-b6e9467e8a824e94b68d6168c96e5f4d.zip,1785163085000,1785173802000
F0:FA:C7:49:67:CE_1785158689_5,96494c3bfa6342fbbaf56f208f3ac4b3,96494c3bfa6342fbbaf56f208f3ac4b31785167992594,hnu21033,kitattachments/20260727/SensorOriginalData/sensorData-1785167993465-d07d66f6d66541949ee3d863dcea8cb4.zip,1785158689000,1785163085000
F0:FA:C7:49:67:CE_1785154289_4,96494c3bfa6342fbbaf56f208f3ac4b3,96494c3bfa6342fbbaf56f208f3ac4b31785171630751,hnu21033,kitattachments/20260728/SensorOriginalData/sensorData-1785171631501-8bb333aacf424109934be05f3f00a9e3.zip,1785154289000,1785158689000
F0:FA:C7:49:67:CE_1785149877_3,96494c3bfa6342fbbaf56f208f3ac4b3,96494c3bfa6342fbbaf56f208f3ac4b31785170907526,hnu21033,kitattachments/20260728/SensorOriginalData/sensorData-1785170908985-35687b2eb2e046e7a97a8672e9559d73.zip,1785149877000,1785154289000
F0:FA:C7:49:67:CE_1785145478_2,96494c3bfa6342fbbaf56f208f3ac4b3,96494c3bfa6342fbbaf56f208f3ac4b31785248491454,hnu21033,kitattachments/20260728/SensorOriginalData/sensorData-1785248492422-7af36416369e4132bfcca2641c3590e2.zip,1785145478000,1785149877000
F0:FA:C7:49:67:CE_1784884934_1,96494c3bfa6342fbbaf56f208f3ac4b3,96494c3bfa6342fbbaf56f208f3ac4b31785231781307,hnu21033,kitattachments/20260728/SensorOriginalData/sensorData-1785231782207-bd4412223d394f7fb25e4da58ea6f9a1.zip,1784884934000,1785145478000
F0:FA:C7:49:67:CE_1784778347_24,cbceb07f957f4a01a67c55e8931823f4,cbceb07f957f4a01a67c55e8931823f41784791471396,HNU21004,kitattachments/20260723/SensorOriginalData/sensorData-1784791472059-de710b9dbe2e4976a76f1917a82f1ab8.zip,1784778347000,1784784125000
F0:FA:C7:49:67:CE_1784773945_23,cbceb07f957f4a01a67c55e8931823f4,cbceb07f957f4a01a67c55e8931823f41784780943006,HNU21004,kitattachments/20260723/SensorOriginalData/sensorData-1784780943503-2173b2781cc74ed1b32cb269c542efd9.zip,1784773945000,1784778347000
F0:FA:C7:49:67:CE_1784718901_22,cbceb07f957f4a01a67c55e8931823f4,cbceb07f957f4a01a67c55e8931823f41784781399797,HNU21004,kitattachments/20260723/SensorOriginalData/sensorData-1784781400524-5641dc8ce0c14d84b1200e1ef9e125ad.zip,1784718901000,1784773945000
F0:FA:C7:49:67:CE_1784714500_21,cbceb07f957f4a01a67c55e8931823f4,cbceb07f957f4a01a67c55e8931823f41784720037453,HNU21004,kitattachments/20260722/SensorOriginalData/sensorData-1784720038347-274e15d2cbae440f855567abc54da6af.zip,1784714500000,1784718901000
F0:FA:C7:49:67:CE_1784710094_20,cbceb07f957f4a01a67c55e8931823f4,cbceb07f957f4a01a67c55e8931823f41784725821351,HNU21004,kitattachments/20260722/SensorOriginalData/sensorData-1784725822016-d6133171d4bc458281b3d94860f8d741.zip,1784710094000,1784714500000
F0:FA:C7:49:67:CE_1784705692_19,cbceb07f957f4a01a67c55e8931823f4,cbceb07f957f4a01a67c55e8931823f41784720789218,HNU21004,kitattachments/20260722/SensorOriginalData/sensorData-1784720790072-60821fb1a30a4f7d8aa01de7fd2607a2.zip,1784705692000,1784710094000
F0:FA:C7:49:67:CE_1784701285_18,cbceb07f957f4a01a67c55e8931823f4,null1784721093227,HNU21004,kitattachments/20260722/SensorOriginalData/sensorData-1784721093800-58563955ed534c348ee52641d6732645.zip,1784701285000,1784705692000
F0:FA:C7:49:67:CE_1784696885_17,cbceb07f957f4a01a67c55e8931823f4,null1784721342408,HNU21004,kitattachments/20260722/SensorOriginalData/sensorData-1784721343087-a5a6cbe1ba95409dac3a36da0a2aad8a.zip,1784696885000,1784701284000
F0:FA:C7:49:67:CE_1784692134_16,cbceb07f957f4a01a67c55e8931823f4,null1784721589197,HNU21004,kitattachments/20260722/SensorOriginalData/sensorData-1784721590109-7e3dee60f2fe4c8092ace0c036ecdcff.zip,1784692134000,1784696885000
F0:FA:C7:49:67:CE_1784687732_15,cbceb07f957f4a01a67c55e8931823f4,cbceb07f957f4a01a67c55e8931823f41784721845938,HNU21004,kitattachments/20260722/SensorOriginalData/sensorData-1784721847098-35382426e6b449558490c59875618102.zip,1784687732000,1784692133000
F0:FA:C7:49:67:CE_1784639708_14,cbceb07f957f4a01a67c55e8931823f4,cbceb07f957f4a01a67c55e8931823f41784722075728,HNU21004,kitattachments/20260722/SensorOriginalData/sensorData-1784722076564-9b12ed3935f14ef1a4a435339d867c8c.zip,1784639708000,1784687732000
F0:FA:C7:49:67:CE_1784635306_13,cbceb07f957f4a01a67c55e8931823f4,cbceb07f957f4a01a67c55e8931823f41784642956236,HNU21004,kitattachments/20260721/SensorOriginalData/sensorData-1784642957140-abe736f2f8ca4c948ade9a7dbdf465ba.zip,1784635306000,1784639708000
F0:FA:C7:49:67:CE_1784630906_12,cbceb07f957f4a01a67c55e8931823f4,cbceb07f957f4a01a67c55e8931823f41784643207650,HNU21004,kitattachments/20260721/SensorOriginalData/sensorData-1784643208285-55e002293cd74b4d93546c51101bd433.zip,1784630906000,1784635306000
F0:FA:C7:49:67:CE_1784625682_11,cbceb07f957f4a01a67c55e8931823f4,cbceb07f957f4a01a67c55e8931823f41784643468686,HNU21004,kitattachments/20260721/SensorOriginalData/sensorData-1784643469291-933a091aaeb94fbd887c811bcec7ac81.zip,1784625682000,1784630906000
F0:FA:C7:49:67:CE_1784618025_10,cbceb07f957f4a01a67c55e8931823f4,cbceb07f957f4a01a67c55e8931823f41784629973284,HNU21004,kitattachments/20260721/SensorOriginalData/sensorData-1784629973912-8df825a7bdfc472e8020983d6f8feeb0.zip,1784618025000,1784625681000
F0:FA:C7:49:67:CE_1784613624_9,cbceb07f957f4a01a67c55e8931823f4,cbceb07f957f4a01a67c55e8931823f41784620710896,HNU21004,kitattachments/20260721/SensorOriginalData/sensorData-1784620711822-ded22c2ad97e4b4f8ff349c00ae4780e.zip,1784613624000,1784618025000
F0:FA:C7:49:67:CE_1784609223_8,cbceb07f957f4a01a67c55e8931823f4,cbceb07f957f4a01a67c55e8931823f41784621009641,HNU21004,kitattachments/20260721/SensorOriginalData/sensorData-1784621010283-559ef916e1974832948299967bd88a0b.zip,1784609223000,1784613624000
F0:FA:C7:49:67:CE_1784604581_7,cbceb07f957f4a01a67c55e8931823f4,cbceb07f957f4a01a67c55e8931823f41784621315027,HNU21004,kitattachments/20260721/SensorOriginalData/sensorData-1784621315934-6713b6b00f8c428bb5f3258b3f2ecfb6.zip,1784604581000,1784609223000
F0:FA:C7:49:67:CE_1784600179_6,cbceb07f957f4a01a67c55e8931823f4,null1784621635602,HNU21004,kitattachments/20260721/SensorOriginalData/sensorData-1784621636603-fd35718579e44ec189cc9cf67aca2799.zip,1784600179000,1784604581000
F0:FA:C7:49:67:CE_1784555534_5,cbceb07f957f4a01a67c55e8931823f4,null1784621942073,HNU21004,kitattachments/20260721/SensorOriginalData/sensorData-1784621943195-ea5037bc2a0a41d79d0c78726bf9bf07.zip,1784555534000,1784600179000
F0:FA:C7:49:67:CE_1784549844_4,cbceb07f957f4a01a67c55e8931823f4,cbceb07f957f4a01a67c55e8931823f41784558697883,HNU21004,kitattachments/20260720/SensorOriginalData/sensorData-1784558698582-a77406a6eea340079817f1ff2cbcdcff.zip,1784549844000,1784555534000
F0:FA:C7:49:67:CE_1784545435_3,cbceb07f957f4a01a67c55e8931823f4,cbceb07f957f4a01a67c55e8931823f41784554679326,HNU21004,kitattachments/20260720/SensorOriginalData/sensorData-1784554680419-3cb39636dea84faeb5e8accc68a3991c.zip,1784545435000,1784549844000
F0:FA:C7:49:67:CE_1784540197_2,cbceb07f957f4a01a67c55e8931823f4,cbceb07f957f4a01a67c55e8931823f41784554979615,HNU21004,kitattachments/20260720/SensorOriginalData/sensorData-1784554980507-f48962ad96554b55900e93e73672e803.zip,1784540197000,1784545435000
F0:FA:C7:49:67:CE_1783594392_1,cbceb07f957f4a01a67c55e8931823f4,cbceb07f957f4a01a67c55e8931823f41784555314714,HNU21004,kitattachments/20260720/SensorOriginalData/sensorData-1784555315601-539a8c024e96427a98597987cd3ca1e6.zip,1783594392000,1784540197000
F0:FA:C7:49:67:C2_1785152680_30,409b7e96b666471d8dcc932d82c7ab39,409b7e96b666471d8dcc932d82c7ab391785155686434,HNU21034,kitattachments/20260727/SensorOriginalData/sensorData-1785155687143-cee58f1fc77241168ddea124cadaf507.zip,1785152680000,1785153590000
F0:FA:C7:49:67:C2_1785148016_29,409b7e96b666471d8dcc932d82c7ab39,409b7e96b666471d8dcc932d82c7ab391785163894589,HNU21034,kitattachments/20260727/SensorOriginalData/sensorData-1785163895312-77935e53820748cb97db7d30c404e1ce.zip,1785148016000,1785152680000
F0:FA:C7:49:67:C2_1785143604_28,409b7e96b666471d8dcc932d82c7ab39,409b7e96b666471d8dcc932d82c7ab391785157045286,HNU21034,kitattachments/20260727/SensorOriginalData/sensorData-1785157045933-00ce70c111514a618423aee4f1e9bd38.zip,1785143604000,1785148016000
F0:FA:C7:49:67:C2_1785138881_27,409b7e96b666471d8dcc932d82c7ab39,409b7e96b666471d8dcc932d82c7ab391785157234687,HNU21034,kitattachments/20260727/SensorOriginalData/sensorData-1785157236001-7cf31f172624431bbd3f1ab691685af9.zip,1785138881000,1785143604000
F0:FA:C7:49:67:C2_1785134337_26,409b7e96b666471d8dcc932d82c7ab39,409b7e96b666471d8dcc932d82c7ab391785157431956,HNU21034,kitattachments/20260727/SensorOriginalData/sensorData-1785157432622-c931aca113d3409b9dc0bf136eb6728b.zip,1785134337000,1785138881000
F0:FA:C7:49:67:C2_1785129910_25,409b7e96b666471d8dcc932d82c7ab39,409b7e96b666471d8dcc932d82c7ab391785157629073,HNU21034,kitattachments/20260727/SensorOriginalData/sensorData-1785157629802-092b080ffc5141f19783cd0f4c6c0d5a.zip,1785129910000,1785134337000
F0:FA:C7:49:67:C2_1785125329_24,409b7e96b666471d8dcc932d82c7ab39,409b7e96b666471d8dcc932d82c7ab391785157824216,HNU21034,kitattachments/20260727/SensorOriginalData/sensorData-1785157824984-89e7bba3b5394b5ca6dca6624a42088a.zip,1785125329000,1785129910000
F0:FA:C7:49:67:C2_1785076127_23,409b7e96b666471d8dcc932d82c7ab39,409b7e96b666471d8dcc932d82c7ab391785158004081,HNU21034,kitattachments/20260727/SensorOriginalData/sensorData-1785158004903-71436d03e1f240089e7a40a3e77aa530.zip,1785076127000,1785125329000
F0:FA:C7:49:67:C2_1785071717_22,409b7e96b666471d8dcc932d82c7ab39,409b7e96b666471d8dcc932d82c7ab391785076716952,HNU21034,kitattachments/20260726/SensorOriginalData/sensorData-1785076717993-092d774bb90748179fa2e082a3b3f0ea.zip,1785071717000,1785076127000
F0:FA:C7:49:67:C2_1785067082_21,409b7e96b666471d8dcc932d82c7ab39,409b7e96b666471d8dcc932d82c7ab391785076908284,HNU21034,kitattachments/20260726/SensorOriginalData/sensorData-1785076909222-14b2bda0a5354812aa7a1604932edfb3.zip,1785067082000,1785071717000
F0:FA:C7:49:67:C2_1785062671_20,409b7e96b666471d8dcc932d82c7ab39,409b7e96b666471d8dcc932d82c7ab391785077109191,HNU21034,kitattachments/20260726/SensorOriginalData/sensorData-1785077110242-1da6c3fae073421199c148c7360460b2.zip,1785062671000,1785067082000
F0:FA:C7:49:67:C2_1785058262_19,409b7e96b666471d8dcc932d82c7ab39,409b7e96b666471d8dcc932d82c7ab391785077300165,HNU21034,kitattachments/20260726/SensorOriginalData/sensorData-1785077301100-707c0b20d5714bb6b042e690bd1d21fb.zip,1785058262000,1785062671000
F0:FA:C7:49:67:C2_1785053856_18,409b7e96b666471d8dcc932d82c7ab39,409b7e96b666471d8dcc932d82c7ab391785077481540,HNU21034,kitattachments/20260726/SensorOriginalData/sensorData-1785077482404-048436dfa5e64e8ca58fa16f7dc69061.zip,1785053856000,1785058261000
F0:FA:C7:49:67:C2_1785049442_17,409b7e96b666471d8dcc932d82c7ab39,409b7e96b666471d8dcc932d82c7ab391785077674024,HNU21034,kitattachments/20260726/SensorOriginalData/sensorData-1785077675156-7702dcb8a9ea424f957d286a4b541985.zip,1785049442000,1785053855000
F0:FA:C7:49:67:C2_1785043196_16,409b7e96b666471d8dcc932d82c7ab39,null1785077869277,HNU21034,kitattachments/20260726/SensorOriginalData/sensorData-1785077870117-6b9df5afe28e4f95b7b4174183531e33.zip,1785043196000,1785049442000
F0:FA:C7:49:67:C2_1785038664_15,409b7e96b666471d8dcc932d82c7ab39,409b7e96b666471d8dcc932d82c7ab391785043971931,HNU21034,kitattachments/20260726/SensorOriginalData/sensorData-1785043972661-b86b35dd7e684e958b387df3fd51a2a1.zip,1785038664000,1785043196000
F0:FA:C7:49:67:C2_1784998417_14,409b7e96b666471d8dcc932d82c7ab39,409b7e96b666471d8dcc932d82c7ab391785044167184,HNU21034,kitattachments/20260726/SensorOriginalData/sensorData-1785044168129-9a88c711d7a04c9da41dcbb0e07d173a.zip,1784998417000,1785038664000
F0:FA:C7:49:67:C2_1784981543_13,409b7e96b666471d8dcc932d82c7ab39,409b7e96b666471d8dcc932d82c7ab391785045326158,HNU21034,kitattachments/20260726/SensorOriginalData/sensorData-1785045326573-993218cff9194bf083a9ba7e49780a62.zip,1784981543000,1784998417000
F0:FA:C7:49:67:C2_1784977133_12,409b7e96b666471d8dcc932d82c7ab39,409b7e96b666471d8dcc932d82c7ab391784984675412,HNU21034,kitattachments/20260725/SensorOriginalData/sensorData-1784984682783-98fceb955b214d5b8261fe3daa5e8ca6.zip,1784977133000,1784981543000
F0:FA:C7:49:67:C2_1784972721_11,409b7e96b666471d8dcc932d82c7ab39,409b7e96b666471d8dcc932d82c7ab391785044308067,HNU21034,kitattachments/20260726/SensorOriginalData/sensorData-1785044308758-140d84e52cd645ccb8ef2c7f48527a03.zip,1784972721000,1784977133000
F0:FA:C7:49:67:C2_1784967759_10,409b7e96b666471d8dcc932d82c7ab39,409b7e96b666471d8dcc932d82c7ab391784985223111,HNU21034,kitattachments/20260725/SensorOriginalData/sensorData-1784985223743-e9a4d48661a9432ab99bcc1ad33c0b4a.zip,1784967759000,1784972721000
F0:FA:C7:49:67:C2_1784963348_9,409b7e96b666471d8dcc932d82c7ab39,409b7e96b666471d8dcc932d82c7ab391785044310138,HNU21034,kitattachments/20260726/SensorOriginalData/sensorData-1785044310407-72e49d69765b4b2ba350dc6fbc8066b8.zip,1784963348000,1784967759000
F0:FA:C7:49:67:C2_1784958937_8,409b7e96b666471d8dcc932d82c7ab39,409b7e96b666471d8dcc932d82c7ab391785044311907,HNU21034,kitattachments/20260726/SensorOriginalData/sensorData-1785044312314-27d0450bcd274439bfe13e491c1b14c6.zip,1784958937000,1784963347000
F0:FA:C7:49:67:C2_1784954406_7,409b7e96b666471d8dcc932d82c7ab39,409b7e96b666471d8dcc932d82c7ab391785044313124,HNU21034,kitattachments/20260726/SensorOriginalData/sensorData-1785044314029-9dfd1affe1524287a906f48761a7b128.zip,1784954406000,1784958937000
F0:FA:C7:49:67:C2_1784949768_6,409b7e96b666471d8dcc932d82c7ab39,409b7e96b666471d8dcc932d82c7ab391784987011725,HNU21034,kitattachments/20260725/SensorOriginalData/sensorData-1784987012039-20f6669eeb6a48a996e74c1ac6e330ff.zip,1784949768000,1784954406000
F0:FA:C7:49:67:C2_1784945360_5,409b7e96b666471d8dcc932d82c7ab39,409b7e96b666471d8dcc932d82c7ab391785044314950,HNU21034,kitattachments/20260726/SensorOriginalData/sensorData-1785044315932-51a08f3929194579b42dd1512a20b9ad.zip,1784945360000,1784949768000
F0:FA:C7:49:67:C2_1784900345_4,409b7e96b666471d8dcc932d82c7ab39,409b7e96b666471d8dcc932d82c7ab391784904956592,HNU21034,kitattachments/20260724/SensorOriginalData/sensorData-1784904957107-6c51e16c0dad48d1b80cda707dfdf2d1.zip,1784900345000,1784904758000
F0:FA:C7:49:67:C2_1784895934_3,409b7e96b666471d8dcc932d82c7ab39,409b7e96b666471d8dcc932d82c7ab391784900806409,HNU21034,kitattachments/20260724/SensorOriginalData/sensorData-1784900807392-124175c8167442aeb314306e469dae9d.zip,1784895934000,1784900345000
F0:FA:C7:49:67:C2_1784891506_2,409b7e96b666471d8dcc932d82c7ab39,409b7e96b666471d8dcc932d82c7ab391784901013168,HNU21034,kitattachments/20260724/SensorOriginalData/sensorData-1784901013681-3ae0287234f44ff19e7fd879fdc5ac10.zip,1784891506000,1784895934000
F0:FA:C7:49:67:C2_1784886310_1,409b7e96b666471d8dcc932d82c7ab39,409b7e96b666471d8dcc932d82c7ab391784902163732,HNU21034,kitattachments/20260724/SensorOriginalData/sensorData-1784902164601-0cec3fb5c19945fdbc18e1b33145fae7.zip,1784886310000,1784891506000
F0:FA:C7:49:67:C2_1784792921_32,6b7be900a0c4463eb6ae232f43e9360f,null1784800721687,HNU21011,kitattachments/20260723/SensorOriginalData/sensorData-1784800722665-eb0e6d116e44459f9b71406c89bc50db.zip,1784792921000,1784796139000
F0:FA:C7:49:67:C2_1784788512_31,6b7be900a0c4463eb6ae232f43e9360f,null1784801146047,HNU21011,kitattachments/20260723/SensorOriginalData/sensorData-1784801147056-c6eb51d1662940578ff5920bea470f03.zip,1784788512000,1784792921000
F0:FA:C7:49:67:C2_1784775019_30,6b7be900a0c4463eb6ae232f43e9360f,null1784801555803,HNU21011,kitattachments/20260723/SensorOriginalData/sensorData-1784801556759-9ff0f6b2c13e4c458d2f43b6b1c5980c.zip,1784775019000,1784788511000
F0:FA:C7:49:67:C2_1784770490_29,6b7be900a0c4463eb6ae232f43e9360f,null1784801945286,HNU21011,kitattachments/20260723/SensorOriginalData/sensorData-1784801946189-97fd147a941e418a9b993c29b88a113f.zip,1784770490000,1784775019000
F0:FA:C7:49:67:C2_1784729229_28,6b7be900a0c4463eb6ae232f43e9360f,null1784802266395,HNU21011,kitattachments/20260723/SensorOriginalData/sensorData-1784802267624-ef669df834114731a664536f113e2292.zip,1784729229000,1784770490000
F0:FA:C7:49:67:C2_1784724820_27,6b7be900a0c4463eb6ae232f43e9360f,6b7be900a0c4463eb6ae232f43e9360f1784732629662,HNU21011,kitattachments/20260722/SensorOriginalData/sensorData-1784732630671-b9bb25ea87db45ce90e1d2024190b5a5.zip,1784724820000,1784729229000
F0:FA:C7:49:67:C2_1784720411_26,6b7be900a0c4463eb6ae232f43e9360f,6b7be900a0c4463eb6ae232f43e9360f1784733105394,HNU21011,kitattachments/20260722/SensorOriginalData/sensorData-1784733107105-dcde02e6682143149bf213619789e616.zip,1784720411000,1784724820000
F0:FA:C7:49:67:C2_1784715987_25,6b7be900a0c4463eb6ae232f43e9360f,null1784733633696,HNU21011,kitattachments/20260722/SensorOriginalData/sensorData-1784733634684-3036d33456a44294aab29ae2c92465ee.zip,1784715987000,1784720411000
F0:FA:C7:49:67:C2_1784711214_24,6b7be900a0c4463eb6ae232f43e9360f,null1784734329859,HNU21011,kitattachments/20260722/SensorOriginalData/sensorData-1784734330913-e9a36d505321421994b62511882d6f50.zip,1784711214000,1784715987000
F0:FA:C7:49:67:C2_1784706802_23,6b7be900a0c4463eb6ae232f43e9360f,null1784734963364,HNU21011,kitattachments/20260722/SensorOriginalData/sensorData-1784734964475-06985f8ebc714d58832c51baac132983.zip,1784706802000,1784711213000
F0:FA:C7:49:67:C2_1784702393_22,6b7be900a0c4463eb6ae232f43e9360f,6b7be900a0c4463eb6ae232f43e9360f1784735784440,HNU21011,kitattachments/20260722/SensorOriginalData/sensorData-1784735785917-6dc46aa28fc446d69457eeba6469cd21.zip,1784702393000,1784706802000
F0:FA:C7:49:67:C2_1784697862_21,6b7be900a0c4463eb6ae232f43e9360f,6b7be900a0c4463eb6ae232f43e9360f1784736294226,HNU21011,kitattachments/20260723/SensorOriginalData/sensorData-1784736295212-87d8fe91a6934a21865d00ebc17a1bda.zip,1784697862000,1784702393000
F0:FA:C7:49:67:C2_1784693454_20,6b7be900a0c4463eb6ae232f43e9360f,6b7be900a0c4463eb6ae232f43e9360f1784736625219,HNU21011,kitattachments/20260723/SensorOriginalData/sensorData-1784736626230-8b0be5436f404b728d25340791c10143.zip,1784693454000,1784697861000
F0:FA:C7:49:67:C2_1784688682_19,6b7be900a0c4463eb6ae232f43e9360f,null1784736830953,HNU21011,kitattachments/20260723/SensorOriginalData/sensorData-1784736831890-65da5e071b7f45e19907f9eebd1e1fe3.zip,1784688682000,1784693454000
F0:FA:C7:49:67:C2_1784684071_18,6b7be900a0c4463eb6ae232f43e9360f,null1784736972444,HNU21011,kitattachments/20260723/SensorOriginalData/sensorData-1784736973538-f8f1f495840a48b68545aaef8515433e.zip,1784684071000,1784688682000
F0:FA:C7:49:67:C2_1784642687_17,6b7be900a0c4463eb6ae232f43e9360f,null1784737020973,HNU21011,kitattachments/20260723/SensorOriginalData/sensorData-1784737021191-523147ec29bf41a68c69fa73cae309d5.zip,1784642687000,1784684071000
F0:FA:C7:49:67:C2_1784638279_16,6b7be900a0c4463eb6ae232f43e9360f,6b7be900a0c4463eb6ae232f43e9360f1784646584526,HNU21011,kitattachments/20260721/SensorOriginalData/sensorData-1784646585490-5d644c9676344eb29673d9c673a0b386.zip,1784638279000,1784642687000
F0:FA:C7:49:67:C2_1784633611_15,6b7be900a0c4463eb6ae232f43e9360f,6b7be900a0c4463eb6ae232f43e9360f1784647001398,HNU21011,kitattachments/20260721/SensorOriginalData/sensorData-1784647002348-19008b8754b640328064096db2e14d80.zip,1784633611000,1784638279000
F0:FA:C7:49:67:C2_1784629078_14,6b7be900a0c4463eb6ae232f43e9360f,6b7be900a0c4463eb6ae232f43e9360f1784647492901,HNU21011,kitattachments/20260721/SensorOriginalData/sensorData-1784647494288-18775c4d9ec94d8c8e24200ef944b4fa.zip,1784629078000,1784633611000
F0:FA:C7:49:67:C2_1784624425_13,6b7be900a0c4463eb6ae232f43e9360f,6b7be900a0c4463eb6ae232f43e9360f1784648174488,HNU21011,kitattachments/20260721/SensorOriginalData/sensorData-1784648175447-fa8f54edb75b42949e3e059d476899e7.zip,1784624425000,1784629078000
F0:FA:C7:49:67:C2_1784620014_12,6b7be900a0c4463eb6ae232f43e9360f,6b7be900a0c4463eb6ae232f43e9360f1784648776107,HNU21011,kitattachments/20260721/SensorOriginalData/sensorData-1784648777541-e4d616d2fc4c44e491cebb32531fbf93.zip,1784620014000,1784624425000
F0:FA:C7:49:67:C2_1784615603_11,6b7be900a0c4463eb6ae232f43e9360f,null1784649535878,HNU21011,kitattachments/20260721/SensorOriginalData/sensorData-1784649536675-c19e36b5b8c4430bb63e00ae11b3a0e9.zip,1784615603000,1784620014000
F0:FA:C7:49:67:C2_1784611191_10,6b7be900a0c4463eb6ae232f43e9360f,6b7be900a0c4463eb6ae232f43e9360f1784650022560,HNU21011,kitattachments/20260722/SensorOriginalData/sensorData-1784650023964-872c020472434953ae6eb219a819087b.zip,1784611191000,1784615602000
F0:FA:C7:49:67:C2_1784606782_9,6b7be900a0c4463eb6ae232f43e9360f,6b7be900a0c4463eb6ae232f43e9360f1784650413501,HNU21011,kitattachments/20260722/SensorOriginalData/sensorData-1784650414552-85946df3e8d14dad845ba097d3a05002.zip,1784606782000,1784611191000
F0:FA:C7:49:67:C2_1784602066_8,6b7be900a0c4463eb6ae232f43e9360f,6b7be900a0c4463eb6ae232f43e9360f1784650739267,HNU21011,kitattachments/20260722/SensorOriginalData/sensorData-1784650740232-e3a4293cab5a45c5966550d06698a967.zip,1784602066000,1784606782000
F0:FA:C7:49:67:C2_1784597565_7,6b7be900a0c4463eb6ae232f43e9360f,6b7be900a0c4463eb6ae232f43e9360f1784651046092,HNU21011,kitattachments/20260722/SensorOriginalData/sensorData-1784651046972-6e030d0c72954fb198fd96ccdcf67983.zip,1784597565000,1784602066000
F0:FA:C7:49:67:C2_1784563604_6,6b7be900a0c4463eb6ae232f43e9360f,6b7be900a0c4463eb6ae232f43e9360f1784651307830,HNU21011,kitattachments/20260722/SensorOriginalData/sensorData-1784651309127-edf6e3af00b349bc86e8e20128df9adc.zip,1784563604000,1784597565000
F0:FA:C7:49:67:C2_1784559191_5,6b7be900a0c4463eb6ae232f43e9360f,6b7be900a0c4463eb6ae232f43e9360f1784566389705,HNU21011,kitattachments/20260721/SensorOriginalData/sensorData-1784566390689-e12ac9df58194269865347fbe563d7f7.zip,1784559191000,1784563604000
F0:FA:C7:49:67:C2_1784554660_4,6b7be900a0c4463eb6ae232f43e9360f,6b7be900a0c4463eb6ae232f43e9360f1784566715558,HNU21011,kitattachments/20260721/SensorOriginalData/sensorData-1784566716252-3fa846d1177846659678e58795f9027c.zip,1784554660000,1784559191000
F0:FA:C7:49:67:C2_1784550250_3,6b7be900a0c4463eb6ae232f43e9360f,null1784567027167,HNU21011,kitattachments/20260721/SensorOriginalData/sensorData-1784567027915-6a5f7f2fb51e4acdad2f27fe19bae9ea.zip,1784550250000,1784554659000
F0:FA:C7:49:67:C2_1784545825_2,6b7be900a0c4463eb6ae232f43e9360f,null1784567375943,HNU21011,kitattachments/20260721/SensorOriginalData/sensorData-1784567376750-642eb4d968a74e7e8992bd6f96075771.zip,1784545825000,1784550250000
F0:FA:C7:49:67:C2_1784540772_1,6b7be900a0c4463eb6ae232f43e9360f,null1784567665075,HNU21011,kitattachments/20260721/SensorOriginalData/sensorData-1784567665729-5d3c6ed918484df7b5eb7726ff647beb.zip,1784540772000,1784545825000
F0:FA:C7:49:67:C0_1785142806_27,170db45dc53c43959ae90ba583d1eebb,170db45dc53c43959ae90ba583d1eebb1785144631321,HNU21035,kitattachments/20260727/SensorOriginalData/sensorData-1785144632392-691b313907b449d5910795bb23b3c0a1.zip,1785142806000,1785144447000
F0:FA:C7:49:67:C0_1785134849_26,170db45dc53c43959ae90ba583d1eebb,170db45dc53c43959ae90ba583d1eebb1785143513638,HNU21035,kitattachments/20260727/SensorOriginalData/sensorData-1785143514542-b57248270fcc4f17b167b3b513e29c3b.zip,1785134849000,1785142805000
F0:FA:C7:49:67:C0_1785130330_25,170db45dc53c43959ae90ba583d1eebb,170db45dc53c43959ae90ba583d1eebb1785138468857,HNU21035,kitattachments/20260727/SensorOriginalData/sensorData-1785138470015-5873e72a94b14c83a235b7aae55bbb5c.zip,1785130330000,1785134849000
F0:FA:C7:49:67:C0_1785125931_24,170db45dc53c43959ae90ba583d1eebb,170db45dc53c43959ae90ba583d1eebb1785138833253,HNU21035,kitattachments/20260727/SensorOriginalData/sensorData-1785138834111-bc7cb43029884dada7b1af4f0a847f3b.zip,1785125931000,1785130329000
F0:FA:C7:49:67:C0_1785121274_23,170db45dc53c43959ae90ba583d1eebb,170db45dc53c43959ae90ba583d1eebb1785139209286,HNU21035,kitattachments/20260727/SensorOriginalData/sensorData-1785139210834-e2fa1ea06a934561a68082b371c575cb.zip,1785121274000,1785125931000
F0:FA:C7:49:67:C0_1785076757_22,170db45dc53c43959ae90ba583d1eebb,170db45dc53c43959ae90ba583d1eebb1785139569138,HNU21035,kitattachments/20260727/SensorOriginalData/sensorData-1785139572478-a32858a295234fda97f0de79f82fd9d2.zip,1785076757000,1785121273000
F0:FA:C7:49:67:C0_1785069934_21,170db45dc53c43959ae90ba583d1eebb,170db45dc53c43959ae90ba583d1eebb1785078266908,HNU21035,kitattachments/20260726/SensorOriginalData/sensorData-1785078267788-2758fd05fc6b46acbee399d1aecd0374.zip,1785069934000,1785076756000
F0:FA:C7:49:67:C0_1785065412_20,170db45dc53c43959ae90ba583d1eebb,170db45dc53c43959ae90ba583d1eebb1785075201128,HNU21035,kitattachments/20260726/SensorOriginalData/sensorData-1785075202134-dd2988802bff403c8bbd136982a22cf5.zip,1785065412000,1785069934000
F0:FA:C7:49:67:C0_1785060839_19,170db45dc53c43959ae90ba583d1eebb,170db45dc53c43959ae90ba583d1eebb1785075529457,HNU21035,kitattachments/20260726/SensorOriginalData/sensorData-1785075530217-0bc81a4fb1ed4978bbf44ca0490bec19.zip,1785060839000,1785065412000
F0:FA:C7:49:67:C0_1785056438_18,170db45dc53c43959ae90ba583d1eebb,170db45dc53c43959ae90ba583d1eebb1785075877373,HNU21035,kitattachments/20260726/SensorOriginalData/sensorData-1785075878619-cadd59046fb84576a30f2d4fe9f1fd32.zip,1785056438000,1785060839000
F0:FA:C7:49:67:C0_1785051799_17,170db45dc53c43959ae90ba583d1eebb,170db45dc53c43959ae90ba583d1eebb1785076124348,HNU21035,kitattachments/20260726/SensorOriginalData/sensorData-1785076125677-749cd7f910054bdf8cbfb46916f92226.zip,1785051799000,1785056438000
F0:FA:C7:49:67:C0_1785047400_16,170db45dc53c43959ae90ba583d1eebb,170db45dc53c43959ae90ba583d1eebb1785076839774,HNU21035,kitattachments/20260726/SensorOriginalData/sensorData-1785076840623-3e9330787006456bae7433296b5c20fd.zip,1785047400000,1785051799000
F0:FA:C7:49:67:C0_1785042877_15,170db45dc53c43959ae90ba583d1eebb,170db45dc53c43959ae90ba583d1eebb1785077267838,HNU21035,kitattachments/20260726/SensorOriginalData/sensorData-1785077269190-75d18997e08e430290db9382f8a549f5.zip,1785042877000,1785047400000
F0:FA:C7:49:67:C0_1785038340_14,170db45dc53c43959ae90ba583d1eebb,170db45dc53c43959ae90ba583d1eebb1785079356628,HNU21035,kitattachments/20260726/SensorOriginalData/sensorData-1785079358000-23d230aac2cd41a5928d9ceef0174bfd.zip,1785038340000,1785042876000
F0:FA:C7:49:67:C0_1785033821_13,170db45dc53c43959ae90ba583d1eebb,170db45dc53c43959ae90ba583d1eebb1785078625360,HNU21035,kitattachments/20260726/SensorOriginalData/sensorData-1785078626383-a54dfcde675349d98cf88c2c6efccddf.zip,1785033821000,1785038340000
F0:FA:C7:49:67:C0_1784990185_12,170db45dc53c43959ae90ba583d1eebb,170db45dc53c43959ae90ba583d1eebb1785077978274,HNU21035,kitattachments/20260726/SensorOriginalData/sensorData-1785077979360-b3ed93f91c5346228094765cf5ff88ae.zip,1784990185000,1785033820000
F0:FA:C7:49:67:C0_1784985424_11,170db45dc53c43959ae90ba583d1eebb,170db45dc53c43959ae90ba583d1eebb1784992823571,HNU21035,kitattachments/20260725/SensorOriginalData/sensorData-1784992826427-360ca7c5ba1e4a0e9a694658a489f2d5.zip,1784985424000,1784990185000
F0:FA:C7:49:67:C0_1784980879_10,170db45dc53c43959ae90ba583d1eebb,170db45dc53c43959ae90ba583d1eebb1784993164183,HNU21035,kitattachments/20260725/SensorOriginalData/sensorData-1784993165523-0f7f5c580b2d40f2813e73afe6412948.zip,1784980879000,1784985424000
F0:FA:C7:49:67:C0_1784976355_9,170db45dc53c43959ae90ba583d1eebb,170db45dc53c43959ae90ba583d1eebb1784993399737,HNU21035,kitattachments/20260725/SensorOriginalData/sensorData-1784993400412-bfb72395fee24e1b9b49bdb9c35e19b5.zip,1784976355000,1784980878000
F0:FA:C7:49:67:C0_1784971386_8,170db45dc53c43959ae90ba583d1eebb,170db45dc53c43959ae90ba583d1eebb1784993724244,HNU21035,kitattachments/20260725/SensorOriginalData/sensorData-1784993725207-fda46e7fc1e143cb87559c71345985f8.zip,1784971386000,1784976355000
F0:FA:C7:49:67:C0_1784966743_7,170db45dc53c43959ae90ba583d1eebb,170db45dc53c43959ae90ba583d1eebb1784994060365,HNU21035,kitattachments/20260725/SensorOriginalData/sensorData-1784994061322-a21b4257ca3440c6a36d1cb3e1503430.zip,1784966743000,1784971386000
F0:FA:C7:49:67:C0_1784962346_6,170db45dc53c43959ae90ba583d1eebb,170db45dc53c43959ae90ba583d1eebb1784994388149,HNU21035,kitattachments/20260725/SensorOriginalData/sensorData-1784994389098-a2d3c0ed716b4cd79e1e851c37795881.zip,1784962346000,1784966743000
F0:FA:C7:49:67:C0_1784957708_5,170db45dc53c43959ae90ba583d1eebb,170db45dc53c43959ae90ba583d1eebb1784994718275,HNU21035,kitattachments/20260725/SensorOriginalData/sensorData-1784994719695-997d98bc042c432fae8e5853110249c8.zip,1784957708000,1784962346000
F0:FA:C7:49:67:C0_1784901494_4,170db45dc53c43959ae90ba583d1eebb,170db45dc53c43959ae90ba583d1eebb1784996398498,HNU21035,kitattachments/20260726/SensorOriginalData/sensorData-1784996399387-3e1246d4be5848bba284a5ba735238ab.zip,1784901494000,1784957708000
F0:FA:C7:49:67:C0_1784896370_3,170db45dc53c43959ae90ba583d1eebb,170db45dc53c43959ae90ba583d1eebb1784905744459,HNU21035,kitattachments/20260724/SensorOriginalData/sensorData-1784905745289-8292e36417df46e29900de2b7c27dc47.zip,1784896370000,1784901494000
F0:FA:C7:49:67:C0_1784891564_2,170db45dc53c43959ae90ba583d1eebb,170db45dc53c43959ae90ba583d1eebb1784904724185,HNU21035,kitattachments/20260724/SensorOriginalData/sensorData-1784904725410-0ba5391602bf4cbe886d5599ed66037e.zip,1784891564000,1784896370000
F0:FA:C7:49:67:C0_1784886413_1,170db45dc53c43959ae90ba583d1eebb,170db45dc53c43959ae90ba583d1eebb1784905035993,HNU21035,kitattachments/20260724/SensorOriginalData/sensorData-1784905037024-97534c7cf9ca4de3b4e98d48788c7eaf.zip,1784886413000,1784891564000
F0:FA:C7:49:67:C0_1784810539_35,76f1f63d9b6b4b93b78c3404d9195ff0,76f1f63d9b6b4b93b78c3404d9195ff01784858181047,HNU 21013,kitattachments/20260724/SensorOriginalData/sensorData-1784858182068-26cd0da615b44c37a7241173456397e8.zip,1784810539000,1784858008000
F0:FA:C7:49:67:C0_1784806093_34,76f1f63d9b6b4b93b78c3404d9195ff0,76f1f63d9b6b4b93b78c3404d9195ff01784812248664,HNU 21013,kitattachments/20260723/SensorOriginalData/sensorData-1784812249505-b257966566ea44929ad4400e12419753.zip,1784806093000,1784810539000
F0:FA:C7:49:67:C0_1784801575_33,76f1f63d9b6b4b93b78c3404d9195ff0,76f1f63d9b6b4b93b78c3404d9195ff01784812652377,HNU 21013,kitattachments/20260723/SensorOriginalData/sensorData-1784812653358-7dc4a19b90f5458eb3cb58821564466f.zip,1784801575000,1784806093000
F0:FA:C7:49:67:C0_1784797167_32,76f1f63d9b6b4b93b78c3404d9195ff0,76f1f63d9b6b4b93b78c3404d9195ff01784818438827,HNU 21013,kitattachments/20260723/SensorOriginalData/sensorData-1784818440105-61a9347979eb4c2dbf41d58eb2166963.zip,1784797167000,1784801575000
F0:FA:C7:49:67:C0_1784792767_31,76f1f63d9b6b4b93b78c3404d9195ff0,76f1f63d9b6b4b93b78c3404d9195ff01784818690994,HNU 21013,kitattachments/20260723/SensorOriginalData/sensorData-1784818691692-06dbfbdcdb06488b9d21a8d29d4b82ba.zip,1784792767000,1784797167000
F0:FA:C7:49:67:C0_1784788366_30,76f1f63d9b6b4b93b78c3404d9195ff0,76f1f63d9b6b4b93b78c3404d9195ff01784818937123,HNU 21013,kitattachments/20260723/SensorOriginalData/sensorData-1784818937799-9744621a1bd041f99e50baa25197e383.zip,1784788366000,1784792767000
F0:FA:C7:49:67:C0_1784783964_29,76f1f63d9b6b4b93b78c3404d9195ff0,76f1f63d9b6b4b93b78c3404d9195ff01784858505497,HNU 21013,kitattachments/20260724/SensorOriginalData/sensorData-1784858506271-31dc868f477441afb7e350080724c9b1.zip,1784783964000,1784788366000
F0:FA:C7:49:67:C0_1784779442_28,76f1f63d9b6b4b93b78c3404d9195ff0,76f1f63d9b6b4b93b78c3404d9195ff01784858748315,HNU 21013,kitattachments/20260724/SensorOriginalData/sensorData-1784858749218-470a07564b9544018d2a3bfe196fc27f.zip,1784779442000,1784783964000
F0:FA:C7:49:67:C0_1784775042_27,76f1f63d9b6b4b93b78c3404d9195ff0,76f1f63d9b6b4b93b78c3404d9195ff01784858996269,HNU 21013,kitattachments/20260724/SensorOriginalData/sensorData-1784858997231-6891fdb54148488fbb7260b39b84e37f.zip,1784775042000,1784779442000
F0:FA:C7:49:67:C0_1784770641_26,76f1f63d9b6b4b93b78c3404d9195ff0,76f1f63d9b6b4b93b78c3404d9195ff01784859253151,HNU 21013,kitattachments/20260724/SensorOriginalData/sensorData-1784859253827-ebe1595b872d426093fae16b00ba4fcb.zip,1784770641000,1784775042000
F0:FA:C7:49:67:C0_1784724242_25,76f1f63d9b6b4b93b78c3404d9195ff0,76f1f63d9b6b4b93b78c3404d9195ff01784859731844,HNU 21013,kitattachments/20260724/SensorOriginalData/sensorData-1784859732923-9be2f73cce5647fc85e685db42abe420.zip,1784724242000,1784770641000
F0:FA:C7:49:67:C0_1784719843_24,76f1f63d9b6b4b93b78c3404d9195ff0,76f1f63d9b6b4b93b78c3404d9195ff01784727117758,HNU 21013,kitattachments/20260722/SensorOriginalData/sensorData-1784727118732-2e789587ffbb4bdf8a987ebbe51dc03d.zip,1784719843000,1784724241000
F0:FA:C7:49:67:C0_1784715218_23,76f1f63d9b6b4b93b78c3404d9195ff0,76f1f63d9b6b4b93b78c3404d9195ff01784727358621,HNU 21013,kitattachments/20260722/SensorOriginalData/sensorData-1784727359338-35d6475c755b489aa5f592c815a141cc.zip,1784715218000,1784719843000
F0:FA:C7:49:67:C0_1784710817_22,76f1f63d9b6b4b93b78c3404d9195ff0,76f1f63d9b6b4b93b78c3404d9195ff01784727568690,HNU 21013,kitattachments/20260722/SensorOriginalData/sensorData-1784727569309-16e381c056ee49a7bcee70e95c250bd4.zip,1784710817000,1784715218000
F0:FA:C7:49:67:C0_1784706415_21,76f1f63d9b6b4b93b78c3404d9195ff0,76f1f63d9b6b4b93b78c3404d9195ff01784727837224,HNU 21013,kitattachments/20260722/SensorOriginalData/sensorData-1784727838351-80e5f9ac8a384153877810e619888629.zip,1784706415000,1784710817000
F0:FA:C7:49:67:C0_1784702014_20,76f1f63d9b6b4b93b78c3404d9195ff0,76f1f63d9b6b4b93b78c3404d9195ff01784728092779,HNU 21013,kitattachments/20260722/SensorOriginalData/sensorData-1784728093999-8c1443b45c17477cb720a754200eebb5.zip,1784702014000,1784706415000
F0:FA:C7:49:67:C0_1784697614_19,76f1f63d9b6b4b93b78c3404d9195ff0,76f1f63d9b6b4b93b78c3404d9195ff01784728354904,HNU 21013,kitattachments/20260722/SensorOriginalData/sensorData-1784728355525-7f7997d388314b4cb91da924357d61ba.zip,1784697614000,1784702014000
F0:FA:C7:49:67:C0_1784692230_18,76f1f63d9b6b4b93b78c3404d9195ff0,76f1f63d9b6b4b93b78c3404d9195ff01784734151079,HNU 21013,kitattachments/20260722/SensorOriginalData/sensorData-1784734151675-d516858bccf14b9ab4883bb2c8e5eed4.zip,1784692230000,1784697614000
F0:FA:C7:49:67:C0_1784687829_17,76f1f63d9b6b4b93b78c3404d9195ff0,76f1f63d9b6b4b93b78c3404d9195ff01784692637144,HNU 21013,kitattachments/20260722/SensorOriginalData/sensorData-1784692638117-e706ef3df7ef4551ba3b0df32b317a7f.zip,1784687829000,1784692230000
F0:FA:C7:49:67:C0_1784683431_16,76f1f63d9b6b4b93b78c3404d9195ff0,76f1f63d9b6b4b93b78c3404d9195ff01784692891357,HNU 21013,kitattachments/20260722/SensorOriginalData/sensorData-1784692891974-a6177e9df59a4c839d4b8b5773a7ab51.zip,1784683431000,1784687829000
F0:FA:C7:49:67:C0_1784639306_15,76f1f63d9b6b4b93b78c3404d9195ff0,76f1f63d9b6b4b93b78c3404d9195ff01784734446730,HNU 21013,kitattachments/20260722/SensorOriginalData/sensorData-1784734448002-699ec843542c44f181a2c54258dbe96d.zip,1784639306000,1784683431000
F0:FA:C7:49:67:C0_1784634906_14,76f1f63d9b6b4b93b78c3404d9195ff0,76f1f63d9b6b4b93b78c3404d9195ff01784643446548,HNU 21013,kitattachments/20260721/SensorOriginalData/sensorData-1784643447246-3b18d582eedb4382be34d52dd2bc2f43.zip,1784634906000,1784639306000
F0:FA:C7:49:67:C0_1784630477_13,76f1f63d9b6b4b93b78c3404d9195ff0,76f1f63d9b6b4b93b78c3404d9195ff01784650679147,HNU 21013,kitattachments/20260722/SensorOriginalData/sensorData-1784650679900-5845f33cbddf4f20bb88df8251addc37.zip,1784630477000,1784634906000
F0:FA:C7:49:67:C0_1784625955_12,76f1f63d9b6b4b93b78c3404d9195ff0,76f1f63d9b6b4b93b78c3404d9195ff01784650947671,HNU 21013,kitattachments/20260722/SensorOriginalData/sensorData-1784650948547-494d2b5ba270487b8c81c5a11e3d0ebb.zip,1784625955000,1784630476000
F0:FA:C7:49:67:C0_1784621544_11,76f1f63d9b6b4b93b78c3404d9195ff0,76f1f63d9b6b4b93b78c3404d9195ff01784651232576,HNU 21013,kitattachments/20260722/SensorOriginalData/sensorData-1784651233251-06e522c4672043f788741bd4c075d31b.zip,1784621544000,1784625955000
F0:FA:C7:49:67:C0_1784617127_10,76f1f63d9b6b4b93b78c3404d9195ff0,76f1f63d9b6b4b93b78c3404d9195ff01784732582890,HNU 21013,kitattachments/20260722/SensorOriginalData/sensorData-1784732583716-1891c0992a244c63b21159b49abeaaa4.zip,1784617127000,1784621544000
F0:FA:C7:49:67:C0_1784612728_9,76f1f63d9b6b4b93b78c3404d9195ff0,76f1f63d9b6b4b93b78c3404d9195ff01784732875432,HNU 21013,kitattachments/20260722/SensorOriginalData/sensorData-1784732876139-b1fd4e5500a24e5eb8d5559d946de42c.zip,1784612728000,1784617127000
F0:FA:C7:49:67:C0_1784608328_8,76f1f63d9b6b4b93b78c3404d9195ff0,76f1f63d9b6b4b93b78c3404d9195ff01784733158980,HNU 21013,kitattachments/20260722/SensorOriginalData/sensorData-1784733159709-c3a2077351814c92a579b27460f28d12.zip,1784608328000,1784612728000
F0:FA:C7:49:67:C0_1784603705_7,76f1f63d9b6b4b93b78c3404d9195ff0,76f1f63d9b6b4b93b78c3404d9195ff01784733411847,HNU 21013,kitattachments/20260722/SensorOriginalData/sensorData-1784733412679-2e3486657dfe4531b4cda60f66ad84aa.zip,1784603705000,1784608328000
F0:FA:C7:49:67:C0_1784599306_6,76f1f63d9b6b4b93b78c3404d9195ff0,76f1f63d9b6b4b93b78c3404d9195ff01784733678377,HNU 21013,kitattachments/20260722/SensorOriginalData/sensorData-1784733679212-380a2ceb37654792b3718be32c4235fe.zip,1784599306000,1784603705000
F0:FA:C7:49:67:C0_1784558892_5,76f1f63d9b6b4b93b78c3404d9195ff0,76f1f63d9b6b4b93b78c3404d9195ff01784733890329,HNU 21013,kitattachments/20260722/SensorOriginalData/sensorData-1784733891546-95b511c5ecaf463ba89d9d8f02d5adc1.zip,1784558892000,1784599306000
F0:FA:C7:49:67:C0_1784554492_4,76f1f63d9b6b4b93b78c3404d9195ff0,76f1f63d9b6b4b93b78c3404d9195ff01784560735227,HNU 21013,kitattachments/20260720/SensorOriginalData/sensorData-1784560736016-e4a8881fd404493296e55de342ad0feb.zip,1784554492000,1784558892000
F0:FA:C7:49:67:C0_1784550092_3,76f1f63d9b6b4b93b78c3404d9195ff0,76f1f63d9b6b4b93b78c3404d9195ff01784560997365,HNU 21013,kitattachments/20260720/SensorOriginalData/sensorData-1784560997983-1ffe1571d7b74099a1655bbd19a54191.zip,1784550092000,1784554492000
F0:FA:C7:49:67:C0_1784545676_2,76f1f63d9b6b4b93b78c3404d9195ff0,76f1f63d9b6b4b93b78c3404d9195ff01784561282903,HNU 21013,kitattachments/20260720/SensorOriginalData/sensorData-1784561283855-20d2079f36e04c699b5dcec2c7ad4374.zip,1784545676000,1784550092000
F0:FA:C7:49:67:C0_1784541018_1,76f1f63d9b6b4b93b78c3404d9195ff0,76f1f63d9b6b4b93b78c3404d9195ff01784561533167,HNU 21013,kitattachments/20260720/SensorOriginalData/sensorData-1784561533783-9cab73c1ea3f471d9434af5bab8e9bb4.zip,1784541018000,1784545675000
F0:FA:C7:49:66:F7_1785137847_30,ac7f3ee48d344a5e91337f94ff1120a7,ac7f3ee48d344a5e91337f94ff1120a71785139510364,HNU21036,kitattachments/20260727/SensorOriginalData/sensorData-1785139511123-2f5a11ff9d1d4869a02ec9105b42f9ac.zip,1785137847000,1785139323000
F0:FA:C7:49:66:F7_1785133087_29,ac7f3ee48d344a5e91337f94ff1120a7,ac7f3ee48d344a5e91337f94ff1120a71785139829421,HNU21036,kitattachments/20260727/SensorOriginalData/sensorData-1785139830713-5340a085f19e44f9b2837ba9ca64be49.zip,1785133087000,1785137847000
F0:FA:C7:49:66:F7_1785128693_28,ac7f3ee48d344a5e91337f94ff1120a7,ac7f3ee48d344a5e91337f94ff1120a71785140118970,HNU21036,kitattachments/20260727/SensorOriginalData/sensorData-1785140119804-f72bf646ca024078b84c863468c17d56.zip,1785128693000,1785133087000
F0:FA:C7:49:66:F7_1785123709_27,ac7f3ee48d344a5e91337f94ff1120a7,ac7f3ee48d344a5e91337f94ff1120a71785140456134,HNU21036,kitattachments/20260727/SensorOriginalData/sensorData-1785140457422-7bb65896fd59462795646ec6ec772dad.zip,1785123709000,1785128693000
F0:FA:C7:49:66:F7_1785119283_26,ac7f3ee48d344a5e91337f94ff1120a7,ac7f3ee48d344a5e91337f94ff1120a71785140610882,HNU21036,kitattachments/20260727/SensorOriginalData/sensorData-1785140611600-465e955471b24ac5a219f178ea29b97e.zip,1785119283000,1785123709000
F0:FA:C7:49:66:F7_1785114890_25,ac7f3ee48d344a5e91337f94ff1120a7,ac7f3ee48d344a5e91337f94ff1120a71785140862871,HNU21036,kitattachments/20260727/SensorOriginalData/sensorData-1785140863610-f00a429dc52c4c369213ff479ed901ef.zip,1785114890000,1785119283000
F0:FA:C7:49:66:F7_1785071288_24,ac7f3ee48d344a5e91337f94ff1120a7,ac7f3ee48d344a5e91337f94ff1120a71785141122860,HNU21036,kitattachments/20260727/SensorOriginalData/sensorData-1785141124073-8b336f6e00944acd8ff270828330da73.zip,1785071288000,1785114890000
F0:FA:C7:49:66:F7_1785066848_23,ac7f3ee48d344a5e91337f94ff1120a7,ac7f3ee48d344a5e91337f94ff1120a71785072719777,HNU21036,kitattachments/20260726/SensorOriginalData/sensorData-1785072720337-08719506e8814840b0b2a1170d0f9f34.zip,1785066848000,1785071288000
F0:FA:C7:49:66:F7_1785062176_22,ac7f3ee48d344a5e91337f94ff1120a7,ac7f3ee48d344a5e91337f94ff1120a71785073069174,HNU21036,kitattachments/20260726/SensorOriginalData/sensorData-1785073070123-55f0936da57a447b92fd0abf8bd48fb8.zip,1785062176000,1785066848000
F0:FA:C7:49:66:F7_1785057781_21,ac7f3ee48d344a5e91337f94ff1120a7,null1785075451444,HNU21036,kitattachments/20260726/SensorOriginalData/sensorData-1785075452195-743f7a6f032244ec8065079c80135c50.zip,1785057781000,1785062176000
F0:FA:C7:49:66:F7_1785053390_20,ac7f3ee48d344a5e91337f94ff1120a7,ac7f3ee48d344a5e91337f94ff1120a71785073750638,HNU21036,kitattachments/20260726/SensorOriginalData/sensorData-1785073751295-7af9185625314ba092fb72bea5be7470.zip,1785053390000,1785057780000
F0:FA:C7:49:66:F7_1785048996_19,ac7f3ee48d344a5e91337f94ff1120a7,ac7f3ee48d344a5e91337f94ff1120a71785073995513,HNU21036,kitattachments/20260726/SensorOriginalData/sensorData-1785073996092-af3817ac956245b1a0b03145b692b0a2.zip,1785048996000,1785053389000
F0:FA:C7:49:66:F7_1785044601_18,ac7f3ee48d344a5e91337f94ff1120a7,ac7f3ee48d344a5e91337f94ff1120a71785074236760,HNU21036,kitattachments/20260726/SensorOriginalData/sensorData-1785074237345-a1b61b2ada3e40b9980dba1df5c95927.zip,1785044601000,1785048995000
F0:FA:C7:49:66:F7_1785039859_17,ac7f3ee48d344a5e91337f94ff1120a7,ac7f3ee48d344a5e91337f94ff1120a71785074497712,HNU21036,kitattachments/20260726/SensorOriginalData/sensorData-1785074498390-0cc1ee3f97b34634b0f447e64f9f74ea.zip,1785039859000,1785044601000
F0:FA:C7:49:66:F7_1785035454_16,ac7f3ee48d344a5e91337f94ff1120a7,ac7f3ee48d344a5e91337f94ff1120a71785074735620,HNU21036,kitattachments/20260726/SensorOriginalData/sensorData-1785074736449-79c81796bd8b457fa7e9a6efadf8788d.zip,1785035454000,1785039858000
F0:FA:C7:49:66:F7_1785031051_15,ac7f3ee48d344a5e91337f94ff1120a7,ac7f3ee48d344a5e91337f94ff1120a71785074985162,HNU21036,kitattachments/20260726/SensorOriginalData/sensorData-1785074985688-cb485bae54334befb59fa3f9b46da70f.zip,1785031051000,1785035454000
F0:FA:C7:49:66:F7_1784985911_14,ac7f3ee48d344a5e91337f94ff1120a7,ac7f3ee48d344a5e91337f94ff1120a71785075246435,HNU21036,kitattachments/20260726/SensorOriginalData/sensorData-1785075246868-6063dc3b13804ef3a508a3a10d43a2d3.zip,1784985911000,1785031051000
F0:FA:C7:49:66:F7_1784981417_13,ac7f3ee48d344a5e91337f94ff1120a7,ac7f3ee48d344a5e91337f94ff1120a71784987882717,HNU21036,kitattachments/20260725/SensorOriginalData/sensorData-1784987883385-3d17e55820e345e7985bd8ad1c987e06.zip,1784981417000,1784985911000
F0:FA:C7:49:66:F7_1784977021_12,ac7f3ee48d344a5e91337f94ff1120a7,ac7f3ee48d344a5e91337f94ff1120a71784988156706,HNU21036,kitattachments/20260725/SensorOriginalData/sensorData-1784988157191-649c91fbab0c43c289b97b9f28aafca4.zip,1784977021000,1784981417000
F0:FA:C7:49:66:F7_1784972116_11,ac7f3ee48d344a5e91337f94ff1120a7,ac7f3ee48d344a5e91337f94ff1120a71784988381468,HNU21036,kitattachments/20260725/SensorOriginalData/sensorData-1784988382122-a24e1035c04f46508012f07a5cd76afc.zip,1784972116000,1784977021000
F0:FA:C7:49:66:F7_1784967722_10,ac7f3ee48d344a5e91337f94ff1120a7,ac7f3ee48d344a5e91337f94ff1120a71784988615625,HNU21036,kitattachments/20260725/SensorOriginalData/sensorData-1784988616232-3a126b3ce1c94e078dfab366258cd4c3.zip,1784967722000,1784972116000
F0:FA:C7:49:66:F7_1784963327_9,ac7f3ee48d344a5e91337f94ff1120a7,ac7f3ee48d344a5e91337f94ff1120a71784988858510,HNU21036,kitattachments/20260725/SensorOriginalData/sensorData-1784988859205-444cbdc554f746bca992a447f1827ebb.zip,1784963327000,1784967721000
F0:FA:C7:49:66:F7_1784958935_8,ac7f3ee48d344a5e91337f94ff1120a7,ac7f3ee48d344a5e91337f94ff1120a71784989124551,HNU21036,kitattachments/20260725/SensorOriginalData/sensorData-1784989125186-ec894e005cbb44978cc530dfa20c51c4.zip,1784958935000,1784963327000
F0:FA:C7:49:66:F7_1784954541_7,ac7f3ee48d344a5e91337f94ff1120a7,ac7f3ee48d344a5e91337f94ff1120a71784989398053,HNU21036,kitattachments/20260725/SensorOriginalData/sensorData-1784989398813-74f0d406a97b44b78c2339ad1b8763af.zip,1784954541000,1784958935000
F0:FA:C7:49:66:F7_1784949880_6,ac7f3ee48d344a5e91337f94ff1120a7,ac7f3ee48d344a5e91337f94ff1120a71784989625477,HNU21036,kitattachments/20260725/SensorOriginalData/sensorData-1784989626254-205dda0bcf3f4a5ea811de10331eef93.zip,1784949880000,1784954541000
F0:FA:C7:49:66:F7_1784945488_5,ac7f3ee48d344a5e91337f94ff1120a7,ac7f3ee48d344a5e91337f94ff1120a71784989859227,HNU21036,kitattachments/20260725/SensorOriginalData/sensorData-1784989859852-bbfc4acc7ea046c4b0aa41a5fcf5fa3c.zip,1784945488000,1784949880000
F0:FA:C7:49:66:F7_1784901295_4,ac7f3ee48d344a5e91337f94ff1120a7,ac7f3ee48d344a5e91337f94ff1120a71784990601981,HNU21036,kitattachments/20260725/SensorOriginalData/sensorData-1784990602823-4719684ab5bf45db813f652b3f597ef8.zip,1784901295000,1784945488000
F0:FA:C7:49:66:F7_1784896894_3,ac7f3ee48d344a5e91337f94ff1120a7,ac7f3ee48d344a5e91337f94ff1120a71784902889865,HNU21036,kitattachments/20260724/SensorOriginalData/sensorData-1784902890847-e9d72cb2b11e434cba7a1bf966b9225f.zip,1784896894000,1784901295000
F0:FA:C7:49:66:F7_1784891565_2,ac7f3ee48d344a5e91337f94ff1120a7,ac7f3ee48d344a5e91337f94ff1120a71784903186429,HNU21036,kitattachments/20260724/SensorOriginalData/sensorData-1784903187296-0a89a4ea73a34945beb22b9f49c3aace.zip,1784891565000,1784896894000
F0:FA:C7:49:66:F7_1784886804_1,ac7f3ee48d344a5e91337f94ff1120a7,ac7f3ee48d344a5e91337f94ff1120a71784903438952,HNU21036,kitattachments/20260724/SensorOriginalData/sensorData-1784903439953-4acbe55963e34ee9b26924162c0e48eb.zip,1784886804000,1784891565000
F0:FA:C7:49:66:F7_1784825889_42,bdd40cc9c9924b19ba892059f50f5317,bdd40cc9c9924b19ba892059f50f53171784826258866,HNU21010,kitattachments/20260724/SensorOriginalData/sensorData-1784826282634-c33ca2d54418494b9d94434185cb7ada.zip,1784825889000,1784826182000
F0:FA:C7:49:66:F7_1784821493_41,bdd40cc9c9924b19ba892059f50f5317,bdd40cc9c9924b19ba892059f50f53171784826898874,HNU21010,kitattachments/20260724/SensorOriginalData/sensorData-1784826899789-71d44ef1a08742dc99f862a31dbb626a.zip,1784821493000,1784825889000
F0:FA:C7:49:66:F7_1784817098_40,bdd40cc9c9924b19ba892059f50f5317,bdd40cc9c9924b19ba892059f50f53171784827273179,HNU21010,kitattachments/20260724/SensorOriginalData/sensorData-1784827274208-5d87b342fea246bd9404e11aabb60cae.zip,1784817098000,1784821493000
F0:FA:C7:49:66:F7_1784812703_39,bdd40cc9c9924b19ba892059f50f5317,bdd40cc9c9924b19ba892059f50f53171784827641544,HNU21010,kitattachments/20260724/SensorOriginalData/sensorData-1784827642863-6b886ab909ae40b3b344e93054e3be6c.zip,1784812703000,1784817098000
F0:FA:C7:49:66:F7_1784808307_38,bdd40cc9c9924b19ba892059f50f5317,null1784828006525,HNU21010,kitattachments/20260724/SensorOriginalData/sensorData-1784828007579-d52bbe8a4323456397f044eadde80022.zip,1784808307000,1784812703000
F0:FA:C7:49:66:F7_1784803912_37,bdd40cc9c9924b19ba892059f50f5317,bdd40cc9c9924b19ba892059f50f53171784828399082,HNU21010,kitattachments/20260724/SensorOriginalData/sensorData-1784828400380-4d57942732b04426ad0af85f2b686ae0.zip,1784803912000,1784808307000
F0:FA:C7:49:66:F7_1784798313_36,bdd40cc9c9924b19ba892059f50f5317,bdd40cc9c9924b19ba892059f50f53171784828732658,HNU21010,kitattachments/20260724/SensorOriginalData/sensorData-1784828733673-133923c966c24f2b8019e0a1c9ebad1d.zip,1784798313000,1784803912000
F0:FA:C7:49:66:F7_1784793918_35,bdd40cc9c9924b19ba892059f50f5317,bdd40cc9c9924b19ba892059f50f53171784829105646,HNU21010,kitattachments/20260724/SensorOriginalData/sensorData-1784829106470-426910bf7b9b4e5cb3f96a63b49414d3.zip,1784793918000,1784798313000
F0:FA:C7:49:66:F7_1784789524_34,bdd40cc9c9924b19ba892059f50f5317,bdd40cc9c9924b19ba892059f50f53171784829477102,HNU21010,kitattachments/20260724/SensorOriginalData/sensorData-1784829477840-8e013ab7832d4be48e8c8423aa8cb735.zip,1784789524000,1784793918000
F0:FA:C7:49:66:F7_1784785128_33,bdd40cc9c9924b19ba892059f50f5317,bdd40cc9c9924b19ba892059f50f53171784881953142,HNU21010,kitattachments/20260724/SensorOriginalData/sensorData-1784881954118-1fe4902dca254823858542dd68781286.zip,1784785128000,1784789524000
F0:FA:C7:49:66:F7_1784779735_32,bdd40cc9c9924b19ba892059f50f5317,bdd40cc9c9924b19ba892059f50f53171784882272171,HNU21010,kitattachments/20260724/SensorOriginalData/sensorData-1784882272935-48a28f8dd87e49998399e959a5fe1dc3.zip,1784779735000,1784785128000
F0:FA:C7:49:66:F7_1784775340_31,bdd40cc9c9924b19ba892059f50f5317,bdd40cc9c9924b19ba892059f50f53171784882640357,HNU21010,kitattachments/20260724/SensorOriginalData/sensorData-1784882641518-14fd0a10eddf40d7b2e58af63eb8bc61.zip,1784775340000,1784779735000
F0:FA:C7:49:66:F7_1784770945_30,bdd40cc9c9924b19ba892059f50f5317,bdd40cc9c9924b19ba892059f50f53171784883010114,HNU21010,kitattachments/20260724/SensorOriginalData/sensorData-1784883011213-1b988bdc5cce4762ab8543ec19cd9a0d.zip,1784770945000,1784775340000
F0:FA:C7:49:66:F7_1784766551_29,bdd40cc9c9924b19ba892059f50f5317,bdd40cc9c9924b19ba892059f50f53171784883380322,HNU21010,kitattachments/20260724/SensorOriginalData/sensorData-1784883381083-024612c3a5b84b3582ab97e196a5171d.zip,1784766551000,1784770945000
F0:FA:C7:49:66:F7_1784734451_28,bdd40cc9c9924b19ba892059f50f5317,bdd40cc9c9924b19ba892059f50f53171784883731486,HNU21010,kitattachments/20260724/SensorOriginalData/sensorData-1784883732221-a96ccfd82f1e4d6e8e78b5f6f6456a36.zip,1784734451000,1784766551000
F0:FA:C7:49:66:F7_1784730057_27,bdd40cc9c9924b19ba892059f50f5317,bdd40cc9c9924b19ba892059f50f53171784739833982,HNU21010,kitattachments/20260723/SensorOriginalData/sensorData-1784739834786-4d2e9604cf7b40a38a5d166dc5bf1545.zip,1784730057000,1784734451000
F0:FA:C7:49:66:F7_1784725661_26,bdd40cc9c9924b19ba892059f50f5317,bdd40cc9c9924b19ba892059f50f53171784740193390,HNU21010,kitattachments/20260723/SensorOriginalData/sensorData-1784740194919-3403ec892a114caba4cf6b3bb46d5e7b.zip,1784725661000,1784730057000
F0:FA:C7:49:66:F7_1784721267_25,bdd40cc9c9924b19ba892059f50f5317,null1784740567246,HNU21010,kitattachments/20260723/SensorOriginalData/sensorData-1784740567994-eb2fb45e90e64ba99ce52a30ab623620.zip,1784721267000,1784725661000
F0:FA:C7:49:66:F7_1784716875_24,bdd40cc9c9924b19ba892059f50f5317,bdd40cc9c9924b19ba892059f50f53171784740942638,HNU21010,kitattachments/20260723/SensorOriginalData/sensorData-1784740943859-1cc466c3678f45378c21b8556872a3d0.zip,1784716875000,1784721267000
F0:FA:C7:49:66:F7_1784712360_23,bdd40cc9c9924b19ba892059f50f5317,bdd40cc9c9924b19ba892059f50f53171784741278399,HNU21010,kitattachments/20260723/SensorOriginalData/sensorData-1784741279166-71ff139434fc49779119ce1c4cf37874.zip,1784712360000,1784716875000
F0:FA:C7:49:66:F7_1784707965_22,bdd40cc9c9924b19ba892059f50f5317,bdd40cc9c9924b19ba892059f50f53171784741646039,HNU21010,kitattachments/20260723/SensorOriginalData/sensorData-1784741647114-94c2b20c2c774f5394c5161539c25717.zip,1784707965000,1784712360000
F0:FA:C7:49:66:F7_1784703571_21,bdd40cc9c9924b19ba892059f50f5317,bdd40cc9c9924b19ba892059f50f53171784742011019,HNU21010,kitattachments/20260723/SensorOriginalData/sensorData-1784742011779-7e9871d7030f42918b2fe1afa62d60fd.zip,1784703571000,1784707965000
F0:FA:C7:49:66:F7_1784699177_20,bdd40cc9c9924b19ba892059f50f5317,null1784742385825,HNU21010,kitattachments/20260723/SensorOriginalData/sensorData-1784742387024-53c5d41ace614a4e84339ea664bdd82e.zip,1784699177000,1784703570000
F0:FA:C7:49:66:F7_1784693816_19,bdd40cc9c9924b19ba892059f50f5317,null1784742753087,HNU21010,kitattachments/20260723/SensorOriginalData/sensorData-1784742754727-db19750f87e14b4a9ec224f33f830f5d.zip,1784693816000,1784699176000
F0:FA:C7:49:66:F7_1784689422_18,bdd40cc9c9924b19ba892059f50f5317,null1784743118748,HNU21010,kitattachments/20260723/SensorOriginalData/sensorData-1784743119597-b7c4b18b4f554d61b525860bc6fd8eba.zip,1784689422000,1784693816000
F0:FA:C7:49:66:F7_1784685028_17,bdd40cc9c9924b19ba892059f50f5317,null1784743487550,HNU21010,kitattachments/20260723/SensorOriginalData/sensorData-1784743488363-255b781439f846c3a0841eb0ca66431b.zip,1784685028000,1784689422000
F0:FA:C7:49:66:F7_1784680634_16,bdd40cc9c9924b19ba892059f50f5317,null1784743846603,HNU21010,kitattachments/20260723/SensorOriginalData/sensorData-1784743852483-0ed7612eb8b742338218b4bcd98bddca.zip,1784680634000,1784685028000
F0:FA:C7:49:66:F7_1784646725_15,bdd40cc9c9924b19ba892059f50f5317,null1784744196641,HNU21010,kitattachments/20260723/SensorOriginalData/sensorData-1784744197519-2d76382105d64395a00ef9ea64395b2d.zip,1784646725000,1784680634000
F0:FA:C7:49:66:F7_1784642332_14,bdd40cc9c9924b19ba892059f50f5317,bdd40cc9c9924b19ba892059f50f53171784651941128,HNU21010,kitattachments/20260722/SensorOriginalData/sensorData-1784651941958-d3af9c7e405544d88e2ee0000af231f3.zip,1784642332000,1784646725000
F0:FA:C7:49:66:F7_1784637937_13,bdd40cc9c9924b19ba892059f50f5317,bdd40cc9c9924b19ba892059f50f53171784652304341,HNU21010,kitattachments/20260722/SensorOriginalData/sensorData-1784652305574-0b49bff033fc4f28b8e49e7b00816857.zip,1784637937000,1784642332000
F0:FA:C7:49:66:F7_1784633542_12,bdd40cc9c9924b19ba892059f50f5317,null1784652660341,HNU21010,kitattachments/20260722/SensorOriginalData/sensorData-1784652661571-e369292723b547b5a15db505e97e14bc.zip,1784633542000,1784637937000
F0:FA:C7:49:66:F7_1784629026_11,bdd40cc9c9924b19ba892059f50f5317,null1784653023695,HNU21010,kitattachments/20260722/SensorOriginalData/sensorData-1784653024566-7a6d5b7f24a942bbbd139d68b96ccd8d.zip,1784629026000,1784633542000
F0:FA:C7:49:66:F7_1784624631_10,bdd40cc9c9924b19ba892059f50f5317,null1784653366689,HNU21010,kitattachments/20260722/SensorOriginalData/sensorData-1784653367512-ac850da594674708a87a45000f69627c.zip,1784624631000,1784629026000
F0:FA:C7:49:66:F7_1784620236_9,bdd40cc9c9924b19ba892059f50f5317,null1784653714635,HNU21010,kitattachments/20260722/SensorOriginalData/sensorData-1784653715505-049fa9182a86499a90c5926e5265f51a.zip,1784620236000,1784624631000
F0:FA:C7:49:66:F7_1784615842_8,bdd40cc9c9924b19ba892059f50f5317,null1784654070227,HNU21010,kitattachments/20260722/SensorOriginalData/sensorData-1784654071142-c07b527d335442e0ba4c534a91757441.zip,1784615842000,1784620236000
F0:FA:C7:49:66:F7_1784611448_7,bdd40cc9c9924b19ba892059f50f5317,null1784654427110,HNU21010,kitattachments/20260722/SensorOriginalData/sensorData-1784654427894-59f273b27d38421c90ff0240a4391470.zip,1784611448000,1784615841000
F0:FA:C7:49:66:F7_1784562331_6,bdd40cc9c9924b19ba892059f50f5317,bdd40cc9c9924b19ba892059f50f53171784565159424,HNU21010,kitattachments/20260721/SensorOriginalData/sensorData-1784565159930-acb4f7c46af042948b7bbd5f3742219a.zip,1784562331000,1784564813000
F0:FA:C7:49:66:F7_1784557936_5,bdd40cc9c9924b19ba892059f50f5317,bdd40cc9c9924b19ba892059f50f53171784565609901,HNU21010,kitattachments/20260721/SensorOriginalData/sensorData-1784565610633-a15b6a1e1468444abdf41ecad31c0a14.zip,1784557936000,1784562331000
F0:FA:C7:49:66:F7_1784553541_4,bdd40cc9c9924b19ba892059f50f5317,bdd40cc9c9924b19ba892059f50f53171784565978270,HNU21010,kitattachments/20260721/SensorOriginalData/sensorData-1784565978848-cd911563685b433f8d3b15a2a496082c.zip,1784553541000,1784557936000
F0:FA:C7:49:66:F7_1784549147_3,bdd40cc9c9924b19ba892059f50f5317,bdd40cc9c9924b19ba892059f50f53171784566315474,HNU21010,kitattachments/20260721/SensorOriginalData/sensorData-1784566316089-4e7127b9ff1441a7a39d6c4e5b5c5e4a.zip,1784549147000,1784553541000
F0:FA:C7:49:66:F7_1784544736_2,bdd40cc9c9924b19ba892059f50f5317,bdd40cc9c9924b19ba892059f50f53171784566666248,HNU21010,kitattachments/20260721/SensorOriginalData/sensorData-1784566666937-a132c9b2bd264085a8728ebe13e5ea98.zip,1784544736000,1784549146000
F0:FA:C7:49:66:F7_1784539995_1,bdd40cc9c9924b19ba892059f50f5317,bdd40cc9c9924b19ba892059f50f53171784566999026,HNU21010,kitattachments/20260721/SensorOriginalData/sensorData-1784566999691-094124f2ebcd44b288e098546c366f30.zip,1784539995000,1784544736000
F0:FA:C7:49:66:C7_1785236404_38,6464b6cb7d644feb887dface33e3d931,6464b6cb7d644feb887dface33e3d9311785237174942,HNU21040,kitattachments/20260728/SensorOriginalData/sensorData-1785237175286-7bb559c382c4487bb8d1d2303a784cd5.zip,1785236404000,1785237025000
F0:FA:C7:49:66:C7_1785232030_37,6464b6cb7d644feb887dface33e3d931,6464b6cb7d644feb887dface33e3d9311785237468414,HNU21040,kitattachments/20260728/SensorOriginalData/sensorData-1785237469587-aafad643e45e40d09c96b9a30721d7af.zip,1785232030000,1785236404000
F0:FA:C7:49:66:C7_1785227651_36,6464b6cb7d644feb887dface33e3d931,6464b6cb7d644feb887dface33e3d9311785237721684,HNU21040,kitattachments/20260728/SensorOriginalData/sensorData-1785237722700-644151ec84054ea58408ba47e21464c2.zip,1785227651000,1785232030000
F0:FA:C7:49:66:C7_1785223156_35,6464b6cb7d644feb887dface33e3d931,6464b6cb7d644feb887dface33e3d9311785238880099,HNU21040,kitattachments/20260728/SensorOriginalData/sensorData-1785238881211-565c5fbe0b004c3e9c456b570be4bc2b.zip,1785223156000,1785227651000
F0:FA:C7:49:66:C7_1785218789_34,6464b6cb7d644feb887dface33e3d931,6464b6cb7d644feb887dface33e3d9311785244178313,HNU21040,kitattachments/20260728/SensorOriginalData/sensorData-1785244178978-f133682959914d0181fab389bf3ac0a3.zip,1785218789000,1785223156000
F0:FA:C7:49:66:C7_1785214418_33,6464b6cb7d644feb887dface33e3d931,6464b6cb7d644feb887dface33e3d9311785239221767,HNU21040,kitattachments/20260728/SensorOriginalData/sensorData-1785239222537-bbfd8b9dd0394b5db2a7f50b40bcad7e.zip,1785214418000,1785218788000
F0:FA:C7:49:66:C7_1785210008_32,6464b6cb7d644feb887dface33e3d931,6464b6cb7d644feb887dface33e3d9311785239420411,HNU21040,kitattachments/20260728/SensorOriginalData/sensorData-1785239421104-d1ddb8c62812406c9b8730f17f68da96.zip,1785210008000,1785214418000
F0:FA:C7:49:66:C7_1785205639_31,6464b6cb7d644feb887dface33e3d931,6464b6cb7d644feb887dface33e3d9311785239603509,HNU21040,kitattachments/20260728/SensorOriginalData/sensorData-1785239604147-8fe78004c5654905b81873214b631f77.zip,1785205639000,1785210007000
F0:FA:C7:49:66:C7_1785174894_30,6464b6cb7d644feb887dface33e3d931,6464b6cb7d644feb887dface33e3d9311785239792817,HNU21040,kitattachments/20260728/SensorOriginalData/sensorData-1785239793522-eaecf40b84af48b88aede42baad5049f.zip,1785174894000,1785205639000
F0:FA:C7:49:66:C7_1785170524_29,6464b6cb7d644feb887dface33e3d931,6464b6cb7d644feb887dface33e3d9311785176554861,HNU21040,kitattachments/20260728/SensorOriginalData/sensorData-1785176556300-6e765f03ac794365b9c5324fe36c3b0a.zip,1785170524000,1785174894000
F0:FA:C7:49:66:C7_1785166153_28,6464b6cb7d644feb887dface33e3d931,6464b6cb7d644feb887dface33e3d9311785176745219,HNU21040,kitattachments/20260728/SensorOriginalData/sensorData-1785176749281-8c63945a9d9c4919a87487664894f612.zip,1785166153000,1785170523000
F0:FA:C7:49:66:C7_1785159113_27,6464b6cb7d644feb887dface33e3d931,6464b6cb7d644feb887dface33e3d9311785176925755,HNU21040,kitattachments/20260728/SensorOriginalData/sensorData-1785176928561-4df435f4472744e586789e3c0c4da5d8.zip,1785159113000,1785166153000
F0:FA:C7:49:66:C7_1785154688_26,6464b6cb7d644feb887dface33e3d931,6464b6cb7d644feb887dface33e3d9311785161281942,HNU21040,kitattachments/20260727/SensorOriginalData/sensorData-1785161282867-30f095837d2b4e17801db4a1f222b2cb.zip,1785154688000,1785159113000
F0:FA:C7:49:66:C7_1785149953_25,6464b6cb7d644feb887dface33e3d931,6464b6cb7d644feb887dface33e3d9311785161509983,HNU21040,kitattachments/20260727/SensorOriginalData/sensorData-1785161510809-d9999a2a04de4774a438821592e3bafe.zip,1785149953000,1785154688000
F0:FA:C7:49:66:C7_1785145462_24,6464b6cb7d644feb887dface33e3d931,6464b6cb7d644feb887dface33e3d9311785161751106,HNU21040,kitattachments/20260727/SensorOriginalData/sensorData-1785161751884-5407326ffdea4b0194e1533a97a2bfbc.zip,1785145462000,1785149953000
F0:FA:C7:49:66:C7_1785141092_23,6464b6cb7d644feb887dface33e3d931,6464b6cb7d644feb887dface33e3d9311785161989032,HNU21040,kitattachments/20260727/SensorOriginalData/sensorData-1785161989824-e00db42f223948e4b402f71f00265e89.zip,1785141092000,1785145462000
F0:FA:C7:49:66:C7_1785136302_22,6464b6cb7d644feb887dface33e3d931,6464b6cb7d644feb887dface33e3d9311785162249218,HNU21040,kitattachments/20260727/SensorOriginalData/sensorData-1785162252496-930b953110f44bd39f6a8e067969ae4f.zip,1785136302000,1785141092000
F0:FA:C7:49:66:C7_1785131810_21,6464b6cb7d644feb887dface33e3d931,6464b6cb7d644feb887dface33e3d9311785162274545,HNU21040,kitattachments/20260727/SensorOriginalData/sensorData-1785162274777-472eacbc44034d41a1d013660b3768d5.zip,1785131810000,1785136302000
F0:FA:C7:49:66:C7_1785127199_20,6464b6cb7d644feb887dface33e3d931,6464b6cb7d644feb887dface33e3d9311785162479545,HNU21040,kitattachments/20260727/SensorOriginalData/sensorData-1785162480784-2f081b9c3dfb4a45840fab0adf2580ad.zip,1785127199000,1785131810000
F0:FA:C7:49:66:C7_1785122706_19,6464b6cb7d644feb887dface33e3d931,6464b6cb7d644feb887dface33e3d9311785162712618,HNU21040,kitattachments/20260727/SensorOriginalData/sensorData-1785162716328-3d28b907ae19428c8caedf99962f8d24.zip,1785122706000,1785127198000
F0:FA:C7:49:66:C7_1785083098_18,6464b6cb7d644feb887dface33e3d931,6464b6cb7d644feb887dface33e3d9311785162961587,HNU21040,kitattachments/20260727/SensorOriginalData/sensorData-1785162962288-082470380575461f806f8f1b31effc07.zip,1785083098000,1785122706000
F0:FA:C7:49:66:C7_1785078677_17,6464b6cb7d644feb887dface33e3d931,6464b6cb7d644feb887dface33e3d9311785085596821,HNU21040,kitattachments/20260727/SensorOriginalData/sensorData-1785085598222-a7ebcf37c9c740d2a8d624abf7e2c177.zip,1785078677000,1785083098000
F0:FA:C7:49:66:C7_1785072761_16,6464b6cb7d644feb887dface33e3d931,6464b6cb7d644feb887dface33e3d9311785085808661,HNU21040,kitattachments/20260727/SensorOriginalData/sensorData-1785085809651-14a25323b4254ee291be408fbde5b696.zip,1785072761000,1785078677000
F0:FA:C7:49:66:C7_1785068391_15,6464b6cb7d644feb887dface33e3d931,6464b6cb7d644feb887dface33e3d9311785078206676,HNU21040,kitattachments/20260726/SensorOriginalData/sensorData-1785078208453-9c26805ea8a24abcb21c3c5c01630392.zip,1785068391000,1785072761000
F0:FA:C7:49:66:C7_1785063646_14,6464b6cb7d644feb887dface33e3d931,6464b6cb7d644feb887dface33e3d9311785078208614,HNU21040,kitattachments/20260726/SensorOriginalData/sensorData-1785078208969-485145f34b3c40d0896bf2a23c8415e5.zip,1785063646000,1785068391000
F0:FA:C7:49:66:C7_1785057460_13,6464b6cb7d644feb887dface33e3d931,6464b6cb7d644feb887dface33e3d9311785078209673,HNU21040,kitattachments/20260726/SensorOriginalData/sensorData-1785078209881-c474c91dc9a241ef8a1da4e567605d8e.zip,1785057460000,1785063646000
F0:FA:C7:49:66:C7_1785052826_12,6464b6cb7d644feb887dface33e3d931,null1785060592669,HNU21040,kitattachments/20260726/SensorOriginalData/sensorData-1785060659800-35743b18df8142668e1c10f34c372b45.zip,1785052826000,1785057460000
F0:FA:C7:49:66:C7_1785048454_11,6464b6cb7d644feb887dface33e3d931,6464b6cb7d644feb887dface33e3d9311785076895865,HNU21040,kitattachments/20260726/SensorOriginalData/sensorData-1785076896143-9b4f90a3ca05405aad47bbb0e91f901c.zip,1785048454000,1785052826000
F0:FA:C7:49:66:C7_1785043723_10,6464b6cb7d644feb887dface33e3d931,6464b6cb7d644feb887dface33e3d9311785076897016,HNU21040,kitattachments/20260726/SensorOriginalData/sensorData-1785076897251-c2f13f8bfecf46ccb53d0ff89c00a9e6.zip,1785043723000,1785048454000
F0:FA:C7:49:66:C7_1785039230_9,6464b6cb7d644feb887dface33e3d931,6464b6cb7d644feb887dface33e3d9311785059872495,HNU21040,kitattachments/20260726/SensorOriginalData/sensorData-1785059930453-503d2f55ca7b416fad4926ca21ca1a90.zip,1785039230000,1785043723000
F0:FA:C7:49:66:C7_1785034615_8,6464b6cb7d644feb887dface33e3d931,6464b6cb7d644feb887dface33e3d9311785076898160,HNU21040,kitattachments/20260726/SensorOriginalData/sensorData-1785076898418-8b383aa0b5c24832a2580ca36ad336ba.zip,1785034615000,1785039230000
F0:FA:C7:49:66:C7_1784995754_7,6464b6cb7d644feb887dface33e3d931,6464b6cb7d644feb887dface33e3d9311785076899138,HNU21040,kitattachments/20260726/SensorOriginalData/sensorData-1785076899476-304418ae016c40bb8bf67b68165b203a.zip,1784995754000,1785034615000
F0:FA:C7:49:66:C7_1784990207_6,6464b6cb7d644feb887dface33e3d931,6464b6cb7d644feb887dface33e3d9311784999943110,6C7,kitattachments/20260726/SensorOriginalData/sensorData-1784999944099-680bbe7ab1bc462699e119c3e74cbcef.zip,1784990207000,1784995754000
F0:FA:C7:49:66:C7_1784982556_5,6464b6cb7d644feb887dface33e3d931,6464b6cb7d644feb887dface33e3d9311785000158194,6C7,kitattachments/20260726/SensorOriginalData/sensorData-1785000158962-16efbce4db344319a4e72bef017f4e63.zip,1784982556000,1784990207000
F0:FA:C7:49:66:C7_1784977700_4,6464b6cb7d644feb887dface33e3d931,6464b6cb7d644feb887dface33e3d9311785001328511,6C7,kitattachments/20260726/SensorOriginalData/sensorData-1785001351034-ba8d0cb6d26f42a7b53118c4a360ba3f.zip,1784977700000,1784982556000
F0:FA:C7:49:66:C7_1784973326_3,6464b6cb7d644feb887dface33e3d931,6464b6cb7d644feb887dface33e3d9311785000595492,6C7,kitattachments/20260726/SensorOriginalData/sensorData-1785000598141-0853793bbd64419087d0344da032c85d.zip,1784973326000,1784977699000
F0:FA:C7:49:66:C7_1784968506_2,6464b6cb7d644feb887dface33e3d931,6464b6cb7d644feb887dface33e3d9311785000820913,6C7,kitattachments/20260726/SensorOriginalData/sensorData-1785000821855-80535a9dbd8047299f5c79b8ddcb5819.zip,1784968506000,1784973326000
F0:FA:C7:49:66:C7_1784963141_1,6464b6cb7d644feb887dface33e3d931,6464b6cb7d644feb887dface33e3d9311785001029703,6C7,kitattachments/20260726/SensorOriginalData/sensorData-1785001032377-0f4982c2a225484c8f36b98115a0a07b.zip,1784963141000,1784968506000
F0:FA:C7:49:66:C7_1784877623_27,2341c0bd05c245b48227e801f12ef777,2341c0bd05c245b48227e801f12ef7771784881596527,HNU21024,kitattachments/20260724/SensorOriginalData/sensorData-1784881597230-5d7f08e03f1a47f0b283d8a183bd6460.zip,1784877623000,1784881504000
F0:FA:C7:49:66:C7_1784873129_26,2341c0bd05c245b48227e801f12ef777,2341c0bd05c245b48227e801f12ef7771784882146382,HNU21024,kitattachments/20260724/SensorOriginalData/sensorData-1784882147365-8c141e32a70a4f299d6aa1d3c8935ece.zip,1784873129000,1784877623000
F0:FA:C7:49:66:C7_1784868757_25,2341c0bd05c245b48227e801f12ef777,2341c0bd05c245b48227e801f12ef7771784880789659,HNU21024,kitattachments/20260724/SensorOriginalData/sensorData-1784880790708-6ce3140736194942bd00c25ec2b0134c.zip,1784868757000,1784873129000
F0:FA:C7:49:66:C7_1784864264_24,2341c0bd05c245b48227e801f12ef777,2341c0bd05c245b48227e801f12ef7771784882481662,HNU21024,kitattachments/20260724/SensorOriginalData/sensorData-1784882482281-87c2d94a751c4bb6b860893a40238fcc.zip,1784864264000,1784868757000
F0:FA:C7:49:66:C7_1784859895_23,2341c0bd05c245b48227e801f12ef777,2341c0bd05c245b48227e801f12ef7771784882816728,HNU21024,kitattachments/20260724/SensorOriginalData/sensorData-1784882817672-2d3c8a25be22438fafd17569172e5a67.zip,1784859895000,1784864264000
F0:FA:C7:49:66:C7_1784806307_22,2341c0bd05c245b48227e801f12ef777,2341c0bd05c245b48227e801f12ef7771784880123768,HNU21024,kitattachments/20260724/SensorOriginalData/sensorData-1784880124483-5af5b400ba904a0ca04efca662abaf1b.zip,1784806307000,1784859895000
F0:FA:C7:49:66:C7_1784801738_21,2341c0bd05c245b48227e801f12ef777,2341c0bd05c245b48227e801f12ef7771784808851657,HNU21024,kitattachments/20260723/SensorOriginalData/sensorData-1784808852096-f968ee73cba5454ba3891c5d7769d6c7.zip,1784801738000,1784806307000
F0:FA:C7:49:66:C7_1784797320_20,2341c0bd05c245b48227e801f12ef777,2341c0bd05c245b48227e801f12ef7771784809888369,HNU21024,kitattachments/20260723/SensorOriginalData/sensorData-1784809888943-8e59797aac4f494eb2b5cafb5c4a2642.zip,1784797320000,1784801738000
F0:FA:C7:49:66:C7_1784789863_19,2341c0bd05c245b48227e801f12ef777,2341c0bd05c245b48227e801f12ef7771784809817350,HNU21024,kitattachments/20260723/SensorOriginalData/sensorData-1784809818306-eeccba7b4edd44f19fc9fd0d0e444c56.zip,1784789863000,1784797320000
F0:FA:C7:49:66:C7_1784785492_18,2341c0bd05c245b48227e801f12ef777,2341c0bd05c245b48227e801f12ef7771784791719489,HNU21024,kitattachments/20260723/SensorOriginalData/sensorData-1784791720462-5a28c07466424a288805e6c1d25f3059.zip,1784785492000,1784789862000
F0:FA:C7:49:66:C7_1784780940_17,2341c0bd05c245b48227e801f12ef777,2341c0bd05c245b48227e801f12ef7771784792101266,HNU21024,kitattachments/20260723/SensorOriginalData/sensorData-1784792102150-4a9e728ad5d84be58c5f8a97f2210d92.zip,1784780940000,1784785491000
F0:FA:C7:49:66:C7_1784776086_16,2341c0bd05c245b48227e801f12ef777,2341c0bd05c245b48227e801f12ef7771784792502988,HNU21024,kitattachments/20260723/SensorOriginalData/sensorData-1784792503701-5ad55c4a20cd4c5991bc9557a175baac.zip,1784776086000,1784780940000
F0:FA:C7:49:66:C7_1784771112_15,2341c0bd05c245b48227e801f12ef777,2341c0bd05c245b48227e801f12ef7771784792694774,HNU21024,kitattachments/20260723/SensorOriginalData/sensorData-1784792695528-769ac0eae2dd408aac7f97acd4bafde0.zip,1784771112000,1784776086000
F0:FA:C7:49:66:C7_1784722963_14,2341c0bd05c245b48227e801f12ef777,2341c0bd05c245b48227e801f12ef7771784793024136,HNU21024,kitattachments/20260723/SensorOriginalData/sensorData-1784793025108-b7ba0f12cb724f51a46b3f8fbdf61c80.zip,1784722963000,1784771112000
F0:FA:C7:49:66:C7_1784718323_13,2341c0bd05c245b48227e801f12ef777,2341c0bd05c245b48227e801f12ef7771784727106900,HNU21024,kitattachments/20260722/SensorOriginalData/sensorData-1784727107622-54a68161641d489fbd8771a53590561f.zip,1784718323000,1784722963000
F0:FA:C7:49:66:C7_1784713630_12,2341c0bd05c245b48227e801f12ef777,2341c0bd05c245b48227e801f12ef7771784727462945,HNU21024,kitattachments/20260722/SensorOriginalData/sensorData-1784727463904-b9a676da01f94501a4af1d2748321c68.zip,1784713630000,1784718323000
F0:FA:C7:49:66:C7_1784709257_11,2341c0bd05c245b48227e801f12ef777,2341c0bd05c245b48227e801f12ef7771784727818016,HNU21024,kitattachments/20260722/SensorOriginalData/sensorData-1784727818928-07ccd46ab91a411a82351438c99cf8cc.zip,1784709257000,1784713630000
F0:FA:C7:49:66:C7_1784704886_10,2341c0bd05c245b48227e801f12ef777,2341c0bd05c245b48227e801f12ef7771784728176989,HNU21024,kitattachments/20260722/SensorOriginalData/sensorData-1784728177654-96d23eb25fcb48ae9c38f13929b44900.zip,1784704886000,1784709257000
F0:FA:C7:49:66:C7_1784700396_9,2341c0bd05c245b48227e801f12ef777,2341c0bd05c245b48227e801f12ef7771784793407565,HNU21024,kitattachments/20260723/SensorOriginalData/sensorData-1784793408364-3bbe980509484f98b7b4c30f1bebfb70.zip,1784700396000,1784704886000
F0:FA:C7:49:66:C7_1784696026_8,2341c0bd05c245b48227e801f12ef777,2341c0bd05c245b48227e801f12ef7771784730591969,HNU21024,kitattachments/20260722/SensorOriginalData/sensorData-1784730592730-79e64848db9c4a1883125f70aa5d782b.zip,1784696026000,1784700396000
F0:FA:C7:49:66:C7_1784690844_7,2341c0bd05c245b48227e801f12ef777,2341c0bd05c245b48227e801f12ef7771784793753488,HNU21024,kitattachments/20260723/SensorOriginalData/sensorData-1784793754770-4037b9b85a804e14ba9e99642ebda922.zip,1784690844000,1784696026000
F0:FA:C7:49:66:C7_1784686474_6,2341c0bd05c245b48227e801f12ef777,2341c0bd05c245b48227e801f12ef7771784730202546,HNU21024,kitattachments/20260722/SensorOriginalData/sensorData-1784730203149-e1655fc94adb4fdbb5e27e9475dc2bab.zip,1784686474000,1784690844000
F0:FA:C7:49:66:C7_1784641430_5,2341c0bd05c245b48227e801f12ef777,2341c0bd05c245b48227e801f12ef7771784730316949,HNU21024,kitattachments/20260722/SensorOriginalData/sensorData-1784730317504-79e6b07e9e3844f2be83d3feb3712c60.zip,1784641430000,1784686474000
F0:FA:C7:49:66:C7_1784637059_4,2341c0bd05c245b48227e801f12ef777,2341c0bd05c245b48227e801f12ef7771784643507474,HNU21024,kitattachments/20260721/SensorOriginalData/sensorData-1784643508222-94c005872c1b44b199d7795764c178a9.zip,1784637059000,1784641430000
F0:FA:C7:49:66:C7_1784632676_3,2341c0bd05c245b48227e801f12ef777,2341c0bd05c245b48227e801f12ef7771784643859693,HNU21024,kitattachments/20260721/SensorOriginalData/sensorData-1784643860341-0654289b050d4b8fb1978e8b4e553a42.zip,1784632676000,1784637059000
F0:FA:C7:49:66:C7_1784628039_2,2341c0bd05c245b48227e801f12ef777,2341c0bd05c245b48227e801f12ef7771784644216515,HNU21024,kitattachments/20260721/SensorOriginalData/sensorData-1784644217971-03b4f6610524473cb965ccc98dcf3e73.zip,1784628039000,1784632676000
F0:FA:C7:49:66:C7_1784623224_1,2341c0bd05c245b48227e801f12ef777,2341c0bd05c245b48227e801f12ef7771784645498735,HNU21024,kitattachments/20260721/SensorOriginalData/sensorData-1784645499539-66dc9440be404abe85ddf6b98e115e63.zip,1784623224000,1784628039000
F0:FA:C7:49:66:B1_1785594585_36,6fd88d4a70aa47898a1435ebb6cf60fe,6fd88d4a70aa47898a1435ebb6cf60fe1785594875362,HNU21041,kitattachments/20260801/SensorOriginalData/sensorData-1785594875584-5cbe49075ae146c28463d10d479f8084.zip,1785594585000,1785594790000
F0:FA:C7:49:66:B1_1785590216_35,6fd88d4a70aa47898a1435ebb6cf60fe,6fd88d4a70aa47898a1435ebb6cf60fe1785595215511,HNU21041,kitattachments/20260801/SensorOriginalData/sensorData-1785595216504-9864755d882e442888bd654f14234c3b.zip,1785590216000,1785594585000
F0:FA:C7:49:66:B1_1785585844_34,6fd88d4a70aa47898a1435ebb6cf60fe,6fd88d4a70aa47898a1435ebb6cf60fe1785595438473,HNU21041,kitattachments/20260801/SensorOriginalData/sensorData-1785595440548-1f9a2e909f884f0a8db136dd9e19b9fc.zip,1785585844000,1785590216000
F0:FA:C7:49:66:B1_1785581474_33,6fd88d4a70aa47898a1435ebb6cf60fe,6fd88d4a70aa47898a1435ebb6cf60fe1785595654254,HNU21041,kitattachments/20260801/SensorOriginalData/sensorData-1785595655053-a47dfb1b0e1e4805a2da54bf3727082b.zip,1785581474000,1785585844000
F0:FA:C7:49:66:B1_1785577104_32,6fd88d4a70aa47898a1435ebb6cf60fe,6fd88d4a70aa47898a1435ebb6cf60fe1785595903750,HNU21041,kitattachments/20260801/SensorOriginalData/sensorData-1785595904669-96302546e1e7471fb00cd4d233a8a68f.zip,1785577104000,1785581474000
F0:FA:C7:49:66:B1_1785572733_31,6fd88d4a70aa47898a1435ebb6cf60fe,6fd88d4a70aa47898a1435ebb6cf60fe1785596187837,HNU21041,kitattachments/20260801/SensorOriginalData/sensorData-1785596188748-a03bddeb1f7b4773a6576e8ff463c6c1.zip,1785572733000,1785577104000
F0:FA:C7:49:66:B1_1785559190_30,6fd88d4a70aa47898a1435ebb6cf60fe,null1785596403991,HNU21041,kitattachments/20260801/SensorOriginalData/sensorData-1785596404967-9bc71ca514514910b49ca4bec13f1ee0.zip,1785559190000,1785572733000
F0:FA:C7:49:66:B1_1785554821_29,6fd88d4a70aa47898a1435ebb6cf60fe,null1785596615877,HNU21041,kitattachments/20260801/SensorOriginalData/sensorData-1785596616937-fdd493a9c462429c8bb817ec029c715c.zip,1785554821000,1785559190000
F0:FA:C7:49:66:B1_1785550450_28,6fd88d4a70aa47898a1435ebb6cf60fe,6fd88d4a70aa47898a1435ebb6cf60fe1785596884731,HNU21041,kitattachments/20260801/SensorOriginalData/sensorData-1785596885617-c944c86a437f4b5a986f0b11aa4e7620.zip,1785550450000,1785554820000
F0:FA:C7:49:66:B1_1785546080_27,6fd88d4a70aa47898a1435ebb6cf60fe,6fd88d4a70aa47898a1435ebb6cf60fe1785597094325,HNU21041,kitattachments/20260801/SensorOriginalData/sensorData-1785597095050-9b072d954b124a23892170f0fe84b2f9.zip,1785546080000,1785550450000
F0:FA:C7:49:66:B1_1785517468_26,6fd88d4a70aa47898a1435ebb6cf60fe,6fd88d4a70aa47898a1435ebb6cf60fe1785597302781,HNU21041,kitattachments/20260801/SensorOriginalData/sensorData-1785597303752-4c7d1a0eb3524ea79020e641feb857ab.zip,1785517468000,1785546079000
F0:FA:C7:49:66:B1_1785512977_25,6fd88d4a70aa47898a1435ebb6cf60fe,null1785520157069,HNU21041,kitattachments/20260801/SensorOriginalData/sensorData-1785520158001-bbd6db24a30c4f3da7469839d8faa70c.zip,1785512977000,1785517468000
F0:FA:C7:49:66:B1_1785508606_24,6fd88d4a70aa47898a1435ebb6cf60fe,null1785520392220,HNU21041,kitattachments/20260801/SensorOriginalData/sensorData-1785520393188-2d043226ff5241109b4c102f5dec66fc.zip,1785508606000,1785512977000
F0:FA:C7:49:66:B1_1785504050_23,6fd88d4a70aa47898a1435ebb6cf60fe,null1785520612583,HNU21041,kitattachments/20260801/SensorOriginalData/sensorData-1785520613452-789710af74624a19ac7e3fffaac04656.zip,1785504050000,1785508606000
F0:FA:C7:49:66:B1_1785499679_22,6fd88d4a70aa47898a1435ebb6cf60fe,null1785520835830,HNU21041,kitattachments/20260801/SensorOriginalData/sensorData-1785520836630-4adc2713f90041f3940eea57ab60de7f.zip,1785499679000,1785504050000
F0:FA:C7:49:66:B1_1785495309_21,6fd88d4a70aa47898a1435ebb6cf60fe,null1785521041087,HNU21041,kitattachments/20260801/SensorOriginalData/sensorData-1785521041921-0324a827f14449eaba040aca9e5504d6.zip,1785495309000,1785499678000
F0:FA:C7:49:66:B1_1785490938_20,6fd88d4a70aa47898a1435ebb6cf60fe,null1785521242684,HNU21041,kitattachments/20260801/SensorOriginalData/sensorData-1785521243652-071374cc6cca41b88a09200acc21777a.zip,1785490938000,1785495309000
F0:FA:C7:49:66:B1_1785486567_19,6fd88d4a70aa47898a1435ebb6cf60fe,null1785521467222,HNU21041,kitattachments/20260801/SensorOriginalData/sensorData-1785521467990-7ca50d5a1fd748f98daf45f013f6a131.zip,1785486567000,1785490938000
F0:FA:C7:49:66:B1_1785482197_18,6fd88d4a70aa47898a1435ebb6cf60fe,null1785521673951,HNU21041,kitattachments/20260801/SensorOriginalData/sensorData-1785521674880-67d12c42ff264835b7d1c24655eab521.zip,1785482197000,1785486567000
F0:FA:C7:49:66:B1_1785477708_17,6fd88d4a70aa47898a1435ebb6cf60fe,null1785521888679,HNU21041,kitattachments/20260801/SensorOriginalData/sensorData-1785521889500-72d10c96c72447118b8989bbd61820c1.zip,1785477708000,1785482197000
F0:FA:C7:49:66:B1_1785406269_16,6fd88d4a70aa47898a1435ebb6cf60fe,null1785522088862,HNU21041,kitattachments/20260801/SensorOriginalData/sensorData-1785522089770-77d173e68318439abc9ccb0706bf8dcd.zip,1785406269000,1785477708000
F0:FA:C7:49:66:B1_1785400885_15,6fd88d4a70aa47898a1435ebb6cf60fe,6fd88d4a70aa47898a1435ebb6cf60fe1785468990625,HNU21041,kitattachments/20260731/SensorOriginalData/sensorData-1785468991286-79f5ae4acdd0466cb842b8a0ed382ffd.zip,1785400885000,1785406268000
F0:FA:C7:49:66:B1_1785396517_14,6fd88d4a70aa47898a1435ebb6cf60fe,6fd88d4a70aa47898a1435ebb6cf60fe1785469187240,HNU21041,kitattachments/20260731/SensorOriginalData/sensorData-1785469188070-3e261e7725ca47239b0e9332c5ed49ae.zip,1785396517000,1785400885000
F0:FA:C7:49:66:B1_1785392146_13,6fd88d4a70aa47898a1435ebb6cf60fe,6fd88d4a70aa47898a1435ebb6cf60fe1785469400675,HNU21041,kitattachments/20260731/SensorOriginalData/sensorData-1785469401481-40d53fc1d0704fe891fd1663ae91af5f.zip,1785392146000,1785396517000
F0:FA:C7:49:66:B1_1785387585_12,6fd88d4a70aa47898a1435ebb6cf60fe,6fd88d4a70aa47898a1435ebb6cf60fe1785469603671,HNU21041,kitattachments/20260731/SensorOriginalData/sensorData-1785469604302-9dfb5a97ef634012800047cec5d3863c.zip,1785387585000,1785392146000
F0:FA:C7:49:66:B1_1785382762_11,6fd88d4a70aa47898a1435ebb6cf60fe,6fd88d4a70aa47898a1435ebb6cf60fe1785469806976,HNU21041,kitattachments/20260731/SensorOriginalData/sensorData-1785469808256-2a6618dbfb464dee80388aecaadd42cd.zip,1785382762000,1785387585000
F0:FA:C7:49:66:B1_1785323466_10,6fd88d4a70aa47898a1435ebb6cf60fe,6fd88d4a70aa47898a1435ebb6cf60fe1785470009943,HNU21041,kitattachments/20260731/SensorOriginalData/sensorData-1785470010789-c8da9e5b949d4f72b96fb2f6aefd7092.zip,1785323466000,1785382762000
F0:FA:C7:49:66:B1_1785318977_9,6fd88d4a70aa47898a1435ebb6cf60fe,6fd88d4a70aa47898a1435ebb6cf60fe1785346397559,HNU21041,kitattachments/20260730/SensorOriginalData/sensorData-1785346398362-32550a96f5d3413b8df47c7aff56d922.zip,1785318977000,1785323466000
F0:FA:C7:49:66:B1_1785314609_8,6fd88d4a70aa47898a1435ebb6cf60fe,6fd88d4a70aa47898a1435ebb6cf60fe1785346614758,HNU21041,kitattachments/20260730/SensorOriginalData/sensorData-1785346615424-fd15f22d5619418aa6bf268d0086ef3f.zip,1785314609000,1785318976000
F0:FA:C7:49:66:B1_1785310241_7,6fd88d4a70aa47898a1435ebb6cf60fe,6fd88d4a70aa47898a1435ebb6cf60fe1785346830496,HNU21041,kitattachments/20260730/SensorOriginalData/sensorData-1785346831135-7559527ab8494c46b48bb8161221781f.zip,1785310241000,1785314609000
F0:FA:C7:49:66:B1_1785305872_6,6fd88d4a70aa47898a1435ebb6cf60fe,6fd88d4a70aa47898a1435ebb6cf60fe1785347046247,HNU21041,kitattachments/20260730/SensorOriginalData/sensorData-1785347047026-616577e64dff44288b5080b247eb5b0c.zip,1785305872000,1785310241000
F0:FA:C7:49:66:B1_1785301504_5,6fd88d4a70aa47898a1435ebb6cf60fe,6fd88d4a70aa47898a1435ebb6cf60fe1785347279084,HNU21041,kitattachments/20260730/SensorOriginalData/sensorData-1785347280429-49c7ff9448804c95b46043131cfa99d4.zip,1785301504000,1785305872000
F0:FA:C7:49:66:B1_1785235623_4,6fd88d4a70aa47898a1435ebb6cf60fe,6fd88d4a70aa47898a1435ebb6cf60fe1785347489154,HNU21041,kitattachments/20260730/SensorOriginalData/sensorData-1785347490037-3f22346c17ba478db25492ad2c1c6e17.zip,1785235623000,1785301504000
F0:FA:C7:49:66:B1_1785231132_3,6fd88d4a70aa47898a1435ebb6cf60fe,6fd88d4a70aa47898a1435ebb6cf60fe1785261274648,HNU21041,kitattachments/20260729/SensorOriginalData/sensorData-1785261275469-681b174516564dafb7b6792a2b15d205.zip,1785231132000,1785235623000
F0:FA:C7:49:66:B1_1785226762_2,6fd88d4a70aa47898a1435ebb6cf60fe,6fd88d4a70aa47898a1435ebb6cf60fe1785261501584,HNU21041,kitattachments/20260729/SensorOriginalData/sensorData-1785261503537-14a07b52daef4a269532c14e1bc8f2d8.zip,1785226762000,1785231132000
F0:FA:C7:49:66:B1_1785222085_1,6fd88d4a70aa47898a1435ebb6cf60fe,6fd88d4a70aa47898a1435ebb6cf60fe1785261721875,HNU21041,kitattachments/20260729/SensorOriginalData/sensorData-1785261722525-57942594f4a64322abae768761f8579e.zip,1785222085000,1785226761000
F0:FA:C7:49:66:B1_1785126398_28,327cdadd6c344aefbac454510de80feb,327cdadd6c344aefbac454510de80feb1785147286078,HNU21037,kitattachments/20260727/SensorOriginalData/sensorData-1785147287474-4bbf411440ce47f89bce5413fd4d7e94.zip,1785126398000,1785145048000
F0:FA:C7:49:66:B1_1785121999_27,327cdadd6c344aefbac454510de80feb,327cdadd6c344aefbac454510de80feb1785128309497,HNU21037,kitattachments/20260727/SensorOriginalData/sensorData-1785128310835-b746cbada77d4b52b08230efa529f741.zip,1785121999000,1785126398000
F0:FA:C7:49:66:B1_1785117625_26,327cdadd6c344aefbac454510de80feb,327cdadd6c344aefbac454510de80feb1785130398932,HNU21037,kitattachments/20260727/SensorOriginalData/sensorData-1785130399567-7389783ecfe1474d931197a94e8e7878.zip,1785117625000,1785121999000
F0:FA:C7:49:66:B1_1785113234_25,327cdadd6c344aefbac454510de80feb,327cdadd6c344aefbac454510de80feb1785130717128,HNU21037,kitattachments/20260727/SensorOriginalData/sensorData-1785130717729-5847ffe91bcd4a648978efcee15b1ab5.zip,1785113234000,1785117624000
F0:FA:C7:49:66:B1_1785067545_24,327cdadd6c344aefbac454510de80feb,327cdadd6c344aefbac454510de80feb1785130939824,HNU21037,kitattachments/20260727/SensorOriginalData/sensorData-1785130940426-34abe6a626434604a134fbf7edd76855.zip,1785067545000,1785113234000
F0:FA:C7:49:66:B1_1785063175_23,327cdadd6c344aefbac454510de80feb,327cdadd6c344aefbac454510de80feb1785131173367,HNU21037,kitattachments/20260727/SensorOriginalData/sensorData-1785131173952-29e4c64aff7c47e0834807a4c6929f06.zip,1785063175000,1785067545000
F0:FA:C7:49:66:B1_1785058684_22,327cdadd6c344aefbac454510de80feb,327cdadd6c344aefbac454510de80feb1785131465739,HNU21037,kitattachments/20260727/SensorOriginalData/sensorData-1785131466358-f8bd197a13e547e8b238ca20f20917d6.zip,1785058684000,1785063174000
F0:FA:C7:49:66:B1_1785054314_21,327cdadd6c344aefbac454510de80feb,327cdadd6c344aefbac454510de80feb1785131773943,HNU21037,kitattachments/20260727/SensorOriginalData/sensorData-1785131774960-49fe89a287274163a3c923062ad52696.zip,1785054314000,1785058684000
F0:FA:C7:49:66:B1_1785049948_20,327cdadd6c344aefbac454510de80feb,327cdadd6c344aefbac454510de80feb1785132071474,HNU21037,kitattachments/20260727/SensorOriginalData/sensorData-1785132072092-6772ac819eda49d8ba8eb345e83a6e76.zip,1785049948000,1785054314000
F0:FA:C7:49:66:B1_1785045575_19,327cdadd6c344aefbac454510de80feb,327cdadd6c344aefbac454510de80feb1785132368684,HNU21037,kitattachments/20260727/SensorOriginalData/sensorData-1785132369333-4321eec69de24a32aa3ea8c3ef67ec1b.zip,1785045575000,1785049947000
F0:FA:C7:49:66:B1_1785041207_18,327cdadd6c344aefbac454510de80feb,327cdadd6c344aefbac454510de80feb1785132977986,HNU21037,kitattachments/20260727/SensorOriginalData/sensorData-1785132979063-07517f059563426dbc254c11d1266bc5.zip,1785041207000,1785045575000
F0:FA:C7:49:66:B1_1785036535_17,327cdadd6c344aefbac454510de80feb,327cdadd6c344aefbac454510de80feb1785135130896,HNU21037,kitattachments/20260727/SensorOriginalData/sensorData-1785135131382-1db2886a647849f0b8dc6e736de84bc5.zip,1785036535000,1785041207000
F0:FA:C7:49:66:B1_1785032164_16,327cdadd6c344aefbac454510de80feb,327cdadd6c344aefbac454510de80feb1785135467359,HNU21037,kitattachments/20260727/SensorOriginalData/sensorData-1785135468334-e8b9cc2b79c142ecaaef24f4c95054cd.zip,1785032164000,1785036535000
F0:FA:C7:49:66:B1_1785027640_15,327cdadd6c344aefbac454510de80feb,327cdadd6c344aefbac454510de80feb1785135800423,HNU21037,kitattachments/20260727/SensorOriginalData/sensorData-1785135801548-b1233413c2aa488a8ab7ddb3fa68b4bd.zip,1785027640000,1785032164000
F0:FA:C7:49:66:B1_1784980735_14,327cdadd6c344aefbac454510de80feb,327cdadd6c344aefbac454510de80feb1785136472552,HNU21037,kitattachments/20260727/SensorOriginalData/sensorData-1785136473214-8d1b706fae064132b32c1a7c756e2d4a.zip,1784980735000,1785027640000
F0:FA:C7:49:66:B1_1784976368_13,327cdadd6c344aefbac454510de80feb,327cdadd6c344aefbac454510de80feb1785136785941,HNU21037,kitattachments/20260727/SensorOriginalData/sensorData-1785136786616-5979553cd9114d86bdd512ce4b097bbf.zip,1784976368000,1784980735000
F0:FA:C7:49:66:B1_1784971653_12,327cdadd6c344aefbac454510de80feb,327cdadd6c344aefbac454510de80feb1785137095164,HNU21037,kitattachments/20260727/SensorOriginalData/sensorData-1785137096144-1d57a687bffd41929d5ae145e2004d62.zip,1784971653000,1784976368000
F0:FA:C7:49:66:B1_1784967277_11,327cdadd6c344aefbac454510de80feb,327cdadd6c344aefbac454510de80feb1785137407912,HNU21037,kitattachments/20260727/SensorOriginalData/sensorData-1785137408860-712f07aac2e1409e8970c610a0407d28.zip,1784967277000,1784971653000
F0:FA:C7:49:66:B1_1784962725_10,327cdadd6c344aefbac454510de80feb,327cdadd6c344aefbac454510de80feb1785138486036,HNU21037,kitattachments/20260727/SensorOriginalData/sensorData-1785138486734-6995e9c8cf8348a1b7edd2343734bc16.zip,1784962725000,1784967277000
F0:FA:C7:49:66:B1_1784958357_9,327cdadd6c344aefbac454510de80feb,327cdadd6c344aefbac454510de80feb1785138931853,HNU21037,kitattachments/20260727/SensorOriginalData/sensorData-1785138932345-1175fdd974ac4257807a913aceb84548.zip,1784958357000,1784962725000
F0:FA:C7:49:66:B1_1784953706_8,327cdadd6c344aefbac454510de80feb,327cdadd6c344aefbac454510de80feb1785139286807,HNU21037,kitattachments/20260727/SensorOriginalData/sensorData-1785139287622-6aad21cacffb420b9c7e397a3b10df57.zip,1784953706000,1784958357000
F0:FA:C7:49:66:B1_1784949216_7,327cdadd6c344aefbac454510de80feb,327cdadd6c344aefbac454510de80feb1785139633062,HNU21037,kitattachments/20260727/SensorOriginalData/sensorData-1785139634200-f2c84d2f4afb412694f3edba9995b480.zip,1784949216000,1784953706000
F0:FA:C7:49:66:B1_1784944448_6,327cdadd6c344aefbac454510de80feb,327cdadd6c344aefbac454510de80feb1785140203713,HNU21037,kitattachments/20260727/SensorOriginalData/sensorData-1785140203902-bc688b87b55a4fb9a0d6bc1a55a110d2.zip,1784944448000,1784949215000
F0:FA:C7:49:66:B1_1784939457_5,327cdadd6c344aefbac454510de80feb,327cdadd6c344aefbac454510de80feb1785140606334,HNU21037,kitattachments/20260727/SensorOriginalData/sensorData-1785140607362-a244e1feaaf947f49429111687887ad3.zip,1784939457000,1784944448000
F0:FA:C7:49:66:B1_1784900772_4,327cdadd6c344aefbac454510de80feb,327cdadd6c344aefbac454510de80feb1785140979486,HNU21037,kitattachments/20260727/SensorOriginalData/sensorData-1785140980524-8fe1a404fe1c4eb9bcc6d5c140c46c06.zip,1784900772000,1784939457000
F0:FA:C7:49:66:B1_1784896404_3,327cdadd6c344aefbac454510de80feb,327cdadd6c344aefbac454510de80feb1785141545082,HNU21037,kitattachments/20260727/SensorOriginalData/sensorData-1785141549075-2277f62c0ddc421ba788494af8ad512e.zip,1784896404000,1784900772000
F0:FA:C7:49:66:B1_1784891869_2,327cdadd6c344aefbac454510de80feb,327cdadd6c344aefbac454510de80feb1785141834512,HNU21037,kitattachments/20260727/SensorOriginalData/sensorData-1785141835191-b177072ed25c4e94bbcd217435194c97.zip,1784891869000,1784896404000
F0:FA:C7:49:66:B1_1784886866_1,327cdadd6c344aefbac454510de80feb,327cdadd6c344aefbac454510de80feb1785142218115,HNU21037,kitattachments/20260727/SensorOriginalData/sensorData-1785142218488-10a366d8516b4418929987b08d975130.zip,1784886866000,1784891869000
F0:FA:C7:49:66:B1_1784811820_33,d427d238f06445a0be6cd0cac08b3c65,null1784860919248,HNU21012,kitattachments/20260724/SensorOriginalData/sensorData-1784860919949-a1e7133f1bc44d63b5bd7b71fae8bd0e.zip,1784811820000,1784859375000
F0:FA:C7:49:66:B1_1784807450_32,d427d238f06445a0be6cd0cac08b3c65,d427d238f06445a0be6cd0cac08b3c651784855814021,HNU21012,kitattachments/20260724/SensorOriginalData/sensorData-1784855815364-18b042c9b71f4d34bbcc3c2fdde00e09.zip,1784807450000,1784811820000
F0:FA:C7:49:66:B1_1784802856_31,d427d238f06445a0be6cd0cac08b3c65,d427d238f06445a0be6cd0cac08b3c651784856047116,HNU21012,kitattachments/20260724/SensorOriginalData/sensorData-1784856048297-6ba5e294231b4d4b99ad56d65efd4eba.zip,1784802856000,1784807450000
F0:FA:C7:49:66:B1_1784798244_30,d427d238f06445a0be6cd0cac08b3c65,d427d238f06445a0be6cd0cac08b3c651784856287593,HNU21012,kitattachments/20260724/SensorOriginalData/sensorData-1784856288460-3830f4ebd9e344dd9b80991b7c28ce14.zip,1784798244000,1784802856000
F0:FA:C7:49:66:B1_1784793873_29,d427d238f06445a0be6cd0cac08b3c65,d427d238f06445a0be6cd0cac08b3c651784857509499,HNU21012,kitattachments/20260724/SensorOriginalData/sensorData-1784857510360-e33cfd8a0416458aa1391c9096bc6811.zip,1784793873000,1784798244000
F0:FA:C7:49:66:B1_1784789504_28,d427d238f06445a0be6cd0cac08b3c65,null1784861145188,HNU21012,kitattachments/20260724/SensorOriginalData/sensorData-1784861145808-7222f539b95c407abb4dc13a1e23fffa.zip,1784789504000,1784793873000
F0:FA:C7:49:66:B1_1784785135_27,d427d238f06445a0be6cd0cac08b3c65,d427d238f06445a0be6cd0cac08b3c651784857787443,HNU21012,kitattachments/20260724/SensorOriginalData/sensorData-1784857788550-1d814de6e8f44f5287bb0494793a7439.zip,1784785135000,1784789504000
F0:FA:C7:49:66:B1_1784780765_26,d427d238f06445a0be6cd0cac08b3c65,d427d238f06445a0be6cd0cac08b3c651784858076414,HNU21012,kitattachments/20260724/SensorOriginalData/sensorData-1784858077140-2332f4880ba64f66868b35c95303ad8b.zip,1784780765000,1784785135000
F0:FA:C7:49:66:B1_1784726326_25,d427d238f06445a0be6cd0cac08b3c65,d427d238f06445a0be6cd0cac08b3c651784859419096,HNU21012,kitattachments/20260724/SensorOriginalData/sensorData-1784859420102-07801511a032459c96d421ba569cf719.zip,1784726326000,1784780765000
F0:FA:C7:49:66:B1_1784721958_24,d427d238f06445a0be6cd0cac08b3c65,d427d238f06445a0be6cd0cac08b3c651784864011819,HNU21012,kitattachments/20260724/SensorOriginalData/sensorData-1784864012692-7abd340693a34144afdeeefd67b6ea74.zip,1784721958000,1784726326000
F0:FA:C7:49:66:B1_1784717587_23,d427d238f06445a0be6cd0cac08b3c65,d427d238f06445a0be6cd0cac08b3c651784775988361,HNU21012,kitattachments/20260723/SensorOriginalData/sensorData-1784775988921-53809a8867274ba2916cad582772fae2.zip,1784717587000,1784721958000
F0:FA:C7:49:66:B1_1784713217_22,d427d238f06445a0be6cd0cac08b3c65,d427d238f06445a0be6cd0cac08b3c651784776325937,HNU21012,kitattachments/20260723/SensorOriginalData/sensorData-1784776326586-59af289072b144a1b0232f8f322fa2ab.zip,1784713217000,1784717587000
F0:FA:C7:49:66:B1_1784708848_21,d427d238f06445a0be6cd0cac08b3c65,d427d238f06445a0be6cd0cac08b3c651784776701380,HNU21012,kitattachments/20260723/SensorOriginalData/sensorData-1784776702036-5a51c2ab4ade46fc8d7e9b8a49f8e410.zip,1784708848000,1784713217000
F0:FA:C7:49:66:B1_1784704477_20,d427d238f06445a0be6cd0cac08b3c65,d427d238f06445a0be6cd0cac08b3c651784776960330,HNU21012,kitattachments/20260723/SensorOriginalData/sensorData-1784776962620-050eba3174f14926a3deb88c2fba8283.zip,1784704477000,1784708848000
F0:FA:C7:49:66:B1_1784700107_19,d427d238f06445a0be6cd0cac08b3c65,d427d238f06445a0be6cd0cac08b3c651784777260987,HNU21012,kitattachments/20260723/SensorOriginalData/sensorData-1784777261998-185dcfb7e0384ebbbed90bda4c28df18.zip,1784700107000,1784704477000
F0:FA:C7:49:66:B1_1784695735_18,d427d238f06445a0be6cd0cac08b3c65,d427d238f06445a0be6cd0cac08b3c651784777526226,HNU21012,kitattachments/20260723/SensorOriginalData/sensorData-1784777526931-a73d5ccc94e345cbb1989c0ac6aafb72.zip,1784695735000,1784700107000
F0:FA:C7:49:66:B1_1784691066_17,d427d238f06445a0be6cd0cac08b3c65,d427d238f06445a0be6cd0cac08b3c651784777771351,HNU21012,kitattachments/20260723/SensorOriginalData/sensorData-1784777772133-28ffd05735d740028536ba2daad146b2.zip,1784691066000,1784695735000
F0:FA:C7:49:66:B1_1784686696_16,d427d238f06445a0be6cd0cac08b3c65,d427d238f06445a0be6cd0cac08b3c651784778022139,HNU21012,kitattachments/20260723/SensorOriginalData/sensorData-1784778022938-a64127d37edc4fe58d8d95f6a0a41df1.zip,1784686696000,1784691066000
F0:FA:C7:49:66:B1_1784636772_15,d427d238f06445a0be6cd0cac08b3c65,d427d238f06445a0be6cd0cac08b3c651784778543345,HNU21012,kitattachments/20260723/SensorOriginalData/sensorData-1784778544577-e6458a1bfc4945e88afec3a7df06ce2b.zip,1784636772000,1784686696000
F0:FA:C7:49:66:B1_1784632247_14,d427d238f06445a0be6cd0cac08b3c65,d427d238f06445a0be6cd0cac08b3c651784648438451,HNU21012,kitattachments/20260721/SensorOriginalData/sensorData-1784648439299-49b2c79227f74527b7d9702c4ecba625.zip,1784632247000,1784636772000
F0:FA:C7:49:66:B1_1784627567_13,d427d238f06445a0be6cd0cac08b3c65,d427d238f06445a0be6cd0cac08b3c651784640092626,HNU21012,kitattachments/20260721/SensorOriginalData/sensorData-1784640093277-f2dc3f9c096b4725a37d4db7703ac112.zip,1784627567000,1784632247000
F0:FA:C7:49:66:B1_1784623197_12,d427d238f06445a0be6cd0cac08b3c65,d427d238f06445a0be6cd0cac08b3c651784640092632,HNU21012,kitattachments/20260721/SensorOriginalData/sensorData-1784640105575-e382261f3b7540258c7e16132a5187ee.zip,1784623197000,1784627567000
F0:FA:C7:49:66:B1_1784618828_11,d427d238f06445a0be6cd0cac08b3c65,d427d238f06445a0be6cd0cac08b3c651784648578433,HNU21012,kitattachments/20260721/SensorOriginalData/sensorData-1784648579739-70169d1eed7b4ef1b10fe8c72d2a10dc.zip,1784618828000,1784623197000
F0:FA:C7:49:66:B1_1784614459_10,d427d238f06445a0be6cd0cac08b3c65,d427d238f06445a0be6cd0cac08b3c651784648871323,HNU21012,kitattachments/20260721/SensorOriginalData/sensorData-1784648872116-6e180035dfbc4514b71cb48a382fc831.zip,1784614459000,1784618828000
F0:FA:C7:49:66:B1_1784610095_9,d427d238f06445a0be6cd0cac08b3c65,d427d238f06445a0be6cd0cac08b3c651784650595470,HNU21012,kitattachments/20260722/SensorOriginalData/sensorData-1784650595670-9702899cbe384344be449d464923161e.zip,1784610095000,1784614459000
F0:FA:C7:49:66:B1_1784605486_8,d427d238f06445a0be6cd0cac08b3c65,d427d238f06445a0be6cd0cac08b3c651784650813814,HNU21012,kitattachments/20260722/SensorOriginalData/sensorData-1784650814190-58a821d245b34644ab5cbf7111696502.zip,1784605486000,1784610095000
F0:FA:C7:49:66:B1_1784601116_7,d427d238f06445a0be6cd0cac08b3c65,d427d238f06445a0be6cd0cac08b3c651784774594459,HNU21012,kitattachments/20260723/SensorOriginalData/sensorData-1784774595128-b7669dbac781401187a7fb80e8a74dcf.zip,1784601116000,1784605486000
F0:FA:C7:49:66:B1_1784596748_6,d427d238f06445a0be6cd0cac08b3c65,d427d238f06445a0be6cd0cac08b3c651784650813815,HNU21012,kitattachments/20260722/SensorOriginalData/sensorData-1784650830634-9ff2c3e659db4fb685a3f72959d2af00.zip,1784596748000,1784601116000
F0:FA:C7:49:66:B1_1784559340_5,d427d238f06445a0be6cd0cac08b3c65,d427d238f06445a0be6cd0cac08b3c651784650813815,HNU21012,kitattachments/20260722/SensorOriginalData/sensorData-1784650836171-3eb72248a61544259533f3421ee4c7fb.zip,1784559340000,1784596748000
F0:FA:C7:49:66:B1_1784554970_4,d427d238f06445a0be6cd0cac08b3c65,d427d238f06445a0be6cd0cac08b3c651784772961260,HNU21012,kitattachments/20260723/SensorOriginalData/sensorData-1784772961707-d5288b4d04534fc5aacfd2820d8e2a4e.zip,1784554970000,1784559340000
F0:FA:C7:49:66:B1_1784550602_3,d427d238f06445a0be6cd0cac08b3c65,null1784650587487,,kitattachments/20260722/SensorOriginalData/sensorData-1784650587889-dd5eb2cfbdcf4ecdaceb28933939549b.zip,1784550602000,1784554969000
F0:FA:C7:49:66:B1_1784545891_2,d427d238f06445a0be6cd0cac08b3c65,null1784774844983,HNU21012,kitattachments/20260723/SensorOriginalData/sensorData-1784774845707-c0b72e5234b744f483de392e7a302f65.zip,1784545891000,1784550602000
F0:FA:C7:49:66:B1_1784541162_1,d427d238f06445a0be6cd0cac08b3c65,null1784775194246,HNU21012,kitattachments/20260723/SensorOriginalData/sensorData-1784775195088-9fcd7e3d884c4df39073c37d1c8c0325.zip,1784541162000,1784545891000
F0:FA:C7:49:66:90_1784788233_32,45a6f0b98c984c9e9e94cef60e9347c0,45a6f0b98c984c9e9e94cef60e9347c01784794190508,HNU21008,kitattachments/20260723/SensorOriginalData/sensorData-1784794192207-354a8e916b694c5e93c16fe69333a932.zip,1784788233000,1784793854000
F0:FA:C7:49:66:90_1784783858_31,45a6f0b98c984c9e9e94cef60e9347c0,45a6f0b98c984c9e9e94cef60e9347c01784792929761,HNU21008,kitattachments/20260723/SensorOriginalData/sensorData-1784792930630-59fbf758f8c648aab21daca63691b566.zip,1784783858000,1784788233000
F0:FA:C7:49:66:90_1784779484_30,45a6f0b98c984c9e9e94cef60e9347c0,45a6f0b98c984c9e9e94cef60e9347c01784793125076,HNU21008,kitattachments/20260723/SensorOriginalData/sensorData-1784793125888-f8a7c5ee9af44f38a018a2fe20e0c23b.zip,1784779484000,1784783858000
F0:FA:C7:49:66:90_1784774736_29,45a6f0b98c984c9e9e94cef60e9347c0,45a6f0b98c984c9e9e94cef60e9347c01784793370854,HNU21008,kitattachments/20260723/SensorOriginalData/sensorData-1784793371599-9e63d9c7f28344849a467efe6247eb2f.zip,1784774736000,1784779484000
F0:FA:C7:49:66:90_1784770363_28,45a6f0b98c984c9e9e94cef60e9347c0,45a6f0b98c984c9e9e94cef60e9347c01784793516992,HNU21008,kitattachments/20260723/SensorOriginalData/sensorData-1784793517794-dcd3af1573f7415d94fa80403d68d73b.zip,1784770363000,1784774736000
F0:FA:C7:49:66:90_1784729144_27,45a6f0b98c984c9e9e94cef60e9347c0,45a6f0b98c984c9e9e94cef60e9347c01784793732255,HNU21008,kitattachments/20260723/SensorOriginalData/sensorData-1784793733035-0171e79eb3484076827039fab82c6b68.zip,1784729144000,1784770363000
F0:FA:C7:49:66:90_1784724770_26,45a6f0b98c984c9e9e94cef60e9347c0,45a6f0b98c984c9e9e94cef60e9347c01784733434760,HNU21008,kitattachments/20260722/SensorOriginalData/sensorData-1784733435511-5e997264451f415292dcf28f6d0b2ff2.zip,1784724770000,1784729144000
F0:FA:C7:49:66:90_1784720396_25,45a6f0b98c984c9e9e94cef60e9347c0,45a6f0b98c984c9e9e94cef60e9347c01784733676787,HNU21008,kitattachments/20260722/SensorOriginalData/sensorData-1784733677721-036f266284f447e1a511b97914c8e377.zip,1784720396000,1784724769000
F0:FA:C7:49:66:90_1784716021_24,45a6f0b98c984c9e9e94cef60e9347c0,45a6f0b98c984c9e9e94cef60e9347c01784733925238,HNU21008,kitattachments/20260722/SensorOriginalData/sensorData-1784733926359-95deaf70a8f84696b5c326b745f55e38.zip,1784716021000,1784720396000
F0:FA:C7:49:66:90_1784711393_23,45a6f0b98c984c9e9e94cef60e9347c0,45a6f0b98c984c9e9e94cef60e9347c01784734149128,HNU21008,kitattachments/20260722/SensorOriginalData/sensorData-1784734149944-7d0508799a4742f79adbe8c5bf78d48d.zip,1784711393000,1784716020000
F0:FA:C7:49:66:90_1784707019_22,45a6f0b98c984c9e9e94cef60e9347c0,45a6f0b98c984c9e9e94cef60e9347c01784734342163,HNU21008,kitattachments/20260722/SensorOriginalData/sensorData-1784734342917-19dce264c54e4447aa7162486fbc7670.zip,1784707019000,1784711393000
F0:FA:C7:49:66:90_1784702644_21,45a6f0b98c984c9e9e94cef60e9347c0,45a6f0b98c984c9e9e94cef60e9347c01784734582373,HNU21008,kitattachments/20260722/SensorOriginalData/sensorData-1784734583664-82d36c130cc74f1a8a87e143eb73c34d.zip,1784702644000,1784707019000
F0:FA:C7:49:66:90_1784698271_20,45a6f0b98c984c9e9e94cef60e9347c0,45a6f0b98c984c9e9e94cef60e9347c01784734786955,HNU21008,kitattachments/20260722/SensorOriginalData/sensorData-1784734787813-9fba5362cd7f4d12bc04de3f37e4fa9a.zip,1784698271000,1784702644000
F0:FA:C7:49:66:90_1784693898_19,45a6f0b98c984c9e9e94cef60e9347c0,45a6f0b98c984c9e9e94cef60e9347c01784734991486,HNU21008,kitattachments/20260722/SensorOriginalData/sensorData-1784734992418-ac79cfe98c334a09b54b553d8257c6a6.zip,1784693898000,1784698271000
F0:FA:C7:49:66:90_1784689027_18,45a6f0b98c984c9e9e94cef60e9347c0,45a6f0b98c984c9e9e94cef60e9347c01784735508585,HNU21008,kitattachments/20260722/SensorOriginalData/sensorData-1784735509636-47eb94eaf06d4d059cea474975a66e9a.zip,1784689027000,1784693898000
F0:FA:C7:49:66:90_1784684655_17,45a6f0b98c984c9e9e94cef60e9347c0,45a6f0b98c984c9e9e94cef60e9347c01784735509981,HNU21008,kitattachments/20260722/SensorOriginalData/sensorData-1784735510606-76d60dca02d54096ad990cb34fc9a947.zip,1784684655000,1784689027000
F0:FA:C7:49:66:90_1784647907_16,45a6f0b98c984c9e9e94cef60e9347c0,45a6f0b98c984c9e9e94cef60e9347c01784736553509,HNU21008,kitattachments/20260723/SensorOriginalData/sensorData-1784736554839-1367554471e04f44b9ff0cced0e3a907.zip,1784647907000,1784684655000
F0:FA:C7:49:66:90_1784643533_15,45a6f0b98c984c9e9e94cef60e9347c0,45a6f0b98c984c9e9e94cef60e9347c01784651019145,HNU21008,kitattachments/20260722/SensorOriginalData/sensorData-1784651029857-c7e277b893e744b6813d639fd5b736e5.zip,1784643533000,1784647907000
F0:FA:C7:49:66:90_1784639157_14,45a6f0b98c984c9e9e94cef60e9347c0,45a6f0b98c984c9e9e94cef60e9347c01784651201495,HNU21008,kitattachments/20260722/SensorOriginalData/sensorData-1784651202915-ba0292de9f5f4f64beb110d68b88b75c.zip,1784639157000,1784643533000
F0:FA:C7:49:66:90_1784634774_13,45a6f0b98c984c9e9e94cef60e9347c0,45a6f0b98c984c9e9e94cef60e9347c01784651389939,HNU21008,kitattachments/20260722/SensorOriginalData/sensorData-1784651390628-47d3cf9d07c84b97b92690701d9eba33.zip,1784634774000,1784639157000
F0:FA:C7:49:66:90_1784630115_12,45a6f0b98c984c9e9e94cef60e9347c0,45a6f0b98c984c9e9e94cef60e9347c01784651608908,HNU21008,kitattachments/20260722/SensorOriginalData/sensorData-1784651609800-c0a8b336d19c4d36b43f8a68adce8ca8.zip,1784630115000,1784634773000
F0:FA:C7:49:66:90_1784625610_11,45a6f0b98c984c9e9e94cef60e9347c0,45a6f0b98c984c9e9e94cef60e9347c01784651868470,HNU21008,kitattachments/20260722/SensorOriginalData/sensorData-1784651869233-b2d70acf18dd448e97786809b1ec66fa.zip,1784625610000,1784630115000
F0:FA:C7:49:66:90_1784621236_10,45a6f0b98c984c9e9e94cef60e9347c0,45a6f0b98c984c9e9e94cef60e9347c01784652072675,HNU21008,kitattachments/20260722/SensorOriginalData/sensorData-1784652073426-b0c9fb9769c74897ac78654b8a3696c8.zip,1784621236000,1784625610000
F0:FA:C7:49:66:90_1784616862_9,45a6f0b98c984c9e9e94cef60e9347c0,45a6f0b98c984c9e9e94cef60e9347c01784652337547,HNU21008,kitattachments/20260722/SensorOriginalData/sensorData-1784652338602-c035864b8d0c4fdb8ffaa9ffd60dfc0b.zip,1784616862000,1784621235000
F0:FA:C7:49:66:90_1784612489_8,45a6f0b98c984c9e9e94cef60e9347c0,45a6f0b98c984c9e9e94cef60e9347c01784652556161,HNU21008,kitattachments/20260722/SensorOriginalData/sensorData-1784652556906-3c54a367ae6d47779bc1414da54afee5.zip,1784612489000,1784616862000
F0:FA:C7:49:66:90_1784608114_7,45a6f0b98c984c9e9e94cef60e9347c0,45a6f0b98c984c9e9e94cef60e9347c01784652777899,HNU21008,kitattachments/20260722/SensorOriginalData/sensorData-1784652778834-a578c0e45bc54d6d9ca7b9a8330745fd.zip,1784608114000,1784612489000
F0:FA:C7:49:66:90_1784603398_6,45a6f0b98c984c9e9e94cef60e9347c0,45a6f0b98c984c9e9e94cef60e9347c01784653019850,HNU21008,kitattachments/20260722/SensorOriginalData/sensorData-1784653020535-a8e8eb0098c244949901a7d1ccbaff74.zip,1784603398000,1784608114000
F0:FA:C7:49:66:90_1784597731_5,45a6f0b98c984c9e9e94cef60e9347c0,45a6f0b98c984c9e9e94cef60e9347c01784653241154,HNU21008,kitattachments/20260722/SensorOriginalData/sensorData-1784653241930-2660d6b04fa04bb194cebae27b99a37f.zip,1784597731000,1784603398000
F0:FA:C7:49:66:90_1784553000_4,45a6f0b98c984c9e9e94cef60e9347c0,45a6f0b98c984c9e9e94cef60e9347c01784599443217,HNU21008,kitattachments/20260721/SensorOriginalData/sensorData-1784599444232-4060d2879b7147c3903acfb996bd5ad0.zip,1784553000000,1784597730000
F0:FA:C7:49:66:90_1784548616_3,45a6f0b98c984c9e9e94cef60e9347c0,45a6f0b98c984c9e9e94cef60e9347c01784599644374,HNU21008,kitattachments/20260721/SensorOriginalData/sensorData-1784599645278-129b92dfbd13444dbeac0469c1548382.zip,1784548616000,1784553000000
F0:FA:C7:49:66:90_1784543553_2,45a6f0b98c984c9e9e94cef60e9347c0,45a6f0b98c984c9e9e94cef60e9347c01784599847416,HNU21008,kitattachments/20260721/SensorOriginalData/sensorData-1784599848452-e7eccb902527407298c3fe077e6cfc1c.zip,1784543553000,1784548615000
F0:FA:C7:49:66:90_1784538768_1,45a6f0b98c984c9e9e94cef60e9347c0,45a6f0b98c984c9e9e94cef60e9347c01784600036656,HNU21008,kitattachments/20260721/SensorOriginalData/sensorData-1784600038141-7074f1ea05b64c6a883214f493402da0.zip,1784538768000,1784543553000
F0:FA:C7:49:61:9D_1785494831_9,4891b4b37c68423db3cd38cd36d3b86c,null1785568551314,HNU21042,kitattachments/20260801/SensorOriginalData/sensorData-1785568551935-0d4f7f391c2b4e6aad7f9a3703a06fdf.zip,1785494831000,1785568098000
F0:FA:C7:49:61:9D_1785478708_8,4891b4b37c68423db3cd38cd36d3b86c,4891b4b37c68423db3cd38cd36d3b86c1785508800278,HNU21042,kitattachments/20260731/SensorOriginalData/sensorData-1785508800933-fd3fcdc6af014d4da96e3fbd67590f1e.zip,1785478708000,1785494830000
F0:FA:C7:49:61:9D_1785397228_7,4891b4b37c68423db3cd38cd36d3b86c,4891b4b37c68423db3cd38cd36d3b86c1785509155992,HNU21042,kitattachments/20260731/SensorOriginalData/sensorData-1785509157466-a2a27da860824e43b70b446d88e81c62.zip,1785397228000,1785478707000
F0:FA:C7:49:61:9D_1785381968_6,4891b4b37c68423db3cd38cd36d3b86c,4891b4b37c68423db3cd38cd36d3b86c1785410405636,HNU21042,kitattachments/20260730/SensorOriginalData/sensorData-1785410406581-b0fc41f35426423e82e081e36bc163f2.zip,1785381968000,1785397227000
F0:FA:C7:49:61:9D_1785330475_5,4891b4b37c68423db3cd38cd36d3b86c,4891b4b37c68423db3cd38cd36d3b86c1785410780118,HNU21042,kitattachments/20260730/SensorOriginalData/sensorData-1785410781153-3f1f504307664ef59fb68c6fef639dda.zip,1785330475000,1785381968000
F0:FA:C7:49:61:9D_1785314912_4,4891b4b37c68423db3cd38cd36d3b86c,4891b4b37c68423db3cd38cd36d3b86c1785343120864,HNU21042,kitattachments/20260730/SensorOriginalData/sensorData-1785343121635-57e16a6b26b4485dbf9d05fd03c62f7c.zip,1785314912000,1785330474000
F0:FA:C7:49:61:9D_1785259505_3,4891b4b37c68423db3cd38cd36d3b86c,4891b4b37c68423db3cd38cd36d3b86c1785343471461,HNU21042,kitattachments/20260730/SensorOriginalData/sensorData-1785343472425-357d64f7cf2b4aedb8ddd8503b1576c6.zip,1785259505000,1785314912000
F0:FA:C7:49:61:9D_1785239479_2,4891b4b37c68423db3cd38cd36d3b86c,4891b4b37c68423db3cd38cd36d3b86c1785343814845,HNU21042,kitattachments/20260730/SensorOriginalData/sensorData-1785343815939-5a506e25bf714b7ab53f4f7b2ff1c67a.zip,1785239479000,1785259505000
F0:FA:C7:49:61:9D_1785224178_1,4891b4b37c68423db3cd38cd36d3b86c,4891b4b37c68423db3cd38cd36d3b86c1785344251984,HNU21042,kitattachments/20260730/SensorOriginalData/sensorData-1785344252963-b9be1108eaaa438299cce16372ab2d2b.zip,1785224178000,1785239479000
F0:FA:C7:49:61:9D_1784888165_10,a65f41c8af79414aba9149fe0b965c63,a65f41c8af79414aba9149fe0b965c631784893211317,HNU21018,kitattachments/20260724/SensorOriginalData/sensorData-1784893211992-a383aedea13e4a79bbd5671175726c01.zip,1784888165000,1784892974000
F0:FA:C7:49:61:9D_1784873107_9,a65f41c8af79414aba9149fe0b965c63,a65f41c8af79414aba9149fe0b965c631784893794412,HNU21018,kitattachments/20260724/SensorOriginalData/sensorData-1784893795053-3f209e3b25574481b80cb45b2414c38a.zip,1784873107000,1784888164000
F0:FA:C7:49:61:9D_1784823012_8,a65f41c8af79414aba9149fe0b965c63,a65f41c8af79414aba9149fe0b965c631784894151340,HNU21018,kitattachments/20260724/SensorOriginalData/sensorData-1784894152039-780fb9e7b2c74149bcda5d0d8b8a953a.zip,1784823012000,1784873107000
F0:FA:C7:49:61:9D_1784796527_7,a65f41c8af79414aba9149fe0b965c63,a65f41c8af79414aba9149fe0b965c631784894541615,HNU21018,kitattachments/20260724/SensorOriginalData/sensorData-1784894542704-2c64e4eb56e14fdab22f13942ac62339.zip,1784796527000,1784823012000
F0:FA:C7:49:61:9D_1784737114_6,a65f41c8af79414aba9149fe0b965c63,a65f41c8af79414aba9149fe0b965c631784894892584,HNU21018,kitattachments/20260724/SensorOriginalData/sensorData-1784894893329-2a8b66bdc42b4b0081825d1b15b8dae0.zip,1784737114000,1784796527000
F0:FA:C7:49:61:9D_1784719281_5,a65f41c8af79414aba9149fe0b965c63,a65f41c8af79414aba9149fe0b965c631784783933976,HNU21018,kitattachments/20260723/SensorOriginalData/sensorData-1784783934828-07e2a638f40b4164bcb9ff8e63efcc1a.zip,1784719281000,1784737114000
F0:FA:C7:49:61:9D_1784704225_4,a65f41c8af79414aba9149fe0b965c63,a65f41c8af79414aba9149fe0b965c631784733218452,HNU21018,kitattachments/20260722/SensorOriginalData/sensorData-1784733219820-561219e2c1a14551b28e58e056bc1f59.zip,1784704225000,1784719280000
F0:FA:C7:49:61:9D_1784688834_3,a65f41c8af79414aba9149fe0b965c63,null1784733702481,HNU21018,kitattachments/20260722/SensorOriginalData/sensorData-1784733703274-510b07effea44e2dad42f649bc447879.zip,1784688834000,1784704225000
F0:FA:C7:49:61:9D_1784637302_2,a65f41c8af79414aba9149fe0b965c63,null1784734122043,HNU21018,kitattachments/20260722/SensorOriginalData/sensorData-1784734123022-33dc5665e2174c99bc3a8c68f2fe656c.zip,1784637302000,1784688834000
F0:FA:C7:49:61:9D_1784620963_1,a65f41c8af79414aba9149fe0b965c63,a65f41c8af79414aba9149fe0b965c631784641035584,HNU21018,kitattachments/20260721/SensorOriginalData/sensorData-1784641036522-8453062c6b3d422b97471cce4ce85036.zip,1784620963000,1784637302000
F0:FA:C7:49:5F:98_1784899326_32,fa66ba005b594f22bd0f054d3ef5af23,fa66ba005b594f22bd0f054d3ef5af231784901105453,HNU21021,kitattachments/20260724/SensorOriginalData/sensorData-1784901106208-f3d8c12eecf94802a27762be56c7a8f5.zip,1784899326000,1784900916000
F0:FA:C7:49:5F:98_1784894895_31,fa66ba005b594f22bd0f054d3ef5af23,fa66ba005b594f22bd0f054d3ef5af231784901497811,HNU21021,kitattachments/20260724/SensorOriginalData/sensorData-1784901498555-df6088a77d384095a0b149559cf7129a.zip,1784894895000,1784899325000
F0:FA:C7:49:5F:98_1784890464_30,fa66ba005b594f22bd0f054d3ef5af23,fa66ba005b594f22bd0f054d3ef5af231784902951089,HNU21021,kitattachments/20260724/SensorOriginalData/sensorData-1784902951728-4c331efa966d4638893aaf4407eb49e9.zip,1784890464000,1784894895000
F0:FA:C7:49:5F:98_1784886033_29,fa66ba005b594f22bd0f054d3ef5af23,fa66ba005b594f22bd0f054d3ef5af231784903477674,HNU21021,kitattachments/20260724/SensorOriginalData/sensorData-1784903478787-f83e0b4b19654b828d73f2f84fbdb6a8.zip,1784886033000,1784890464000
F0:FA:C7:49:5F:98_1784880159_28,fa66ba005b594f22bd0f054d3ef5af23,fa66ba005b594f22bd0f054d3ef5af231784904409170,HNU21021,kitattachments/20260724/SensorOriginalData/sensorData-1784904409968-e8c0a812d86b482eb3e5f7f6f38d4033.zip,1784880159000,1784886033000
F0:FA:C7:49:5F:98_1784875728_27,fa66ba005b594f22bd0f054d3ef5af23,fa66ba005b594f22bd0f054d3ef5af231784905293884,HNU21021,kitattachments/20260724/SensorOriginalData/sensorData-1784905294465-c6b090835cf74f4bb7141b7fe2e58c53.zip,1784875728000,1784880159000
F0:FA:C7:49:5F:98_1784871296_26,fa66ba005b594f22bd0f054d3ef5af23,fa66ba005b594f22bd0f054d3ef5af231784906017893,HNU21021,kitattachments/20260724/SensorOriginalData/sensorData-1784906018701-bd7d2f03b33548d8bb2ea84942e1144e.zip,1784871296000,1784875728000
F0:FA:C7:49:5F:98_1784866744_25,fa66ba005b594f22bd0f054d3ef5af23,fa66ba005b594f22bd0f054d3ef5af231784906521522,HNU21021,kitattachments/20260724/SensorOriginalData/sensorData-1784906521973-d5ca0cb73edb4c5280e8895da2433e7a.zip,1784866744000,1784871296000
F0:FA:C7:49:5F:98_1784862127_24,fa66ba005b594f22bd0f054d3ef5af23,fa66ba005b594f22bd0f054d3ef5af231784907040220,HNU21021,kitattachments/20260724/SensorOriginalData/sensorData-1784907040925-d46bd983c02d4a07aed78e2047e1e279.zip,1784862127000,1784866744000
F0:FA:C7:49:5F:98_1784857698_23,fa66ba005b594f22bd0f054d3ef5af23,fa66ba005b594f22bd0f054d3ef5af231784907385253,HNU21021,kitattachments/20260724/SensorOriginalData/sensorData-1784907385763-a9dcc5f82b834981a4d7022da5164862.zip,1784857698000,1784862127000
F0:FA:C7:49:5F:98_1784802946_22,fa66ba005b594f22bd0f054d3ef5af23,fa66ba005b594f22bd0f054d3ef5af231784908227472,HNU21021,kitattachments/20260724/SensorOriginalData/sensorData-1784908228522-c5a983efe8c149b5810f2305b4854602.zip,1784802946000,1784857698000
F0:FA:C7:49:5F:98_1784798387_21,fa66ba005b594f22bd0f054d3ef5af23,fa66ba005b594f22bd0f054d3ef5af231784806341051,HNU21021,kitattachments/20260723/SensorOriginalData/sensorData-1784806341849-302ed8ede9a0440d8c2fc82e292d646b.zip,1784798387000,1784802946000
F0:FA:C7:49:5F:98_1784793958_20,fa66ba005b594f22bd0f054d3ef5af23,fa66ba005b594f22bd0f054d3ef5af231784806549601,HNU21021,kitattachments/20260723/SensorOriginalData/sensorData-1784806550365-4fdc2c1318904b398574490d94075b98.zip,1784793958000,1784798387000
F0:FA:C7:49:5F:98_1784789528_19,fa66ba005b594f22bd0f054d3ef5af23,fa66ba005b594f22bd0f054d3ef5af231784806738968,HNU21021,kitattachments/20260723/SensorOriginalData/sensorData-1784806739718-9ddc614168d7421cbdcc4b1a4b3b90f7.zip,1784789528000,1784793957000
F0:FA:C7:49:5F:98_1784785097_18,fa66ba005b594f22bd0f054d3ef5af23,fa66ba005b594f22bd0f054d3ef5af231784806925786,HNU21021,kitattachments/20260723/SensorOriginalData/sensorData-1784806926572-567a7be5d82541d79efa00387dbc139f.zip,1784785097000,1784789528000
F0:FA:C7:49:5F:98_1784780667_17,fa66ba005b594f22bd0f054d3ef5af23,fa66ba005b594f22bd0f054d3ef5af231784807180584,HNU21021,kitattachments/20260723/SensorOriginalData/sensorData-1784807181107-12a6673d2d2c4ef49bfbe038c42b7c8c.zip,1784780667000,1784785097000
F0:FA:C7:49:5F:98_1784776047_16,fa66ba005b594f22bd0f054d3ef5af23,fa66ba005b594f22bd0f054d3ef5af231784807645247,HNU21021,kitattachments/20260723/SensorOriginalData/sensorData-1784807646419-b23e7d280802471aa62b46ed4288f02f.zip,1784776047000,1784780667000
F0:FA:C7:49:5F:98_1784771617_15,fa66ba005b594f22bd0f054d3ef5af23,fa66ba005b594f22bd0f054d3ef5af231784807986141,HNU21021,kitattachments/20260723/SensorOriginalData/sensorData-1784807986627-3a63399eec3d458d8864238a33609751.zip,1784771617000,1784776047000
F0:FA:C7:49:5F:98_1784731266_14,fa66ba005b594f22bd0f054d3ef5af23,fa66ba005b594f22bd0f054d3ef5af231784808168819,HNU21021,kitattachments/20260723/SensorOriginalData/sensorData-1784808169641-b60c5f7c3ab14253b88bc41e69c18944.zip,1784731266000,1784771617000
F0:FA:C7:49:5F:98_1784726835_13,fa66ba005b594f22bd0f054d3ef5af23,fa66ba005b594f22bd0f054d3ef5af231784733702607,HNU21021,kitattachments/20260722/SensorOriginalData/sensorData-1784733703501-5f587619824e461195b0bf6ed320e5ac.zip,1784726835000,1784731266000
F0:FA:C7:49:5F:98_1784722404_12,fa66ba005b594f22bd0f054d3ef5af23,fa66ba005b594f22bd0f054d3ef5af231784733895354,HNU21021,kitattachments/20260722/SensorOriginalData/sensorData-1784733896328-79625d41c2aa4c52be4f2c0b93ffacc2.zip,1784722404000,1784726835000
F0:FA:C7:49:5F:98_1784717584_11,fa66ba005b594f22bd0f054d3ef5af23,fa66ba005b594f22bd0f054d3ef5af231784734126633,HNU21021,kitattachments/20260722/SensorOriginalData/sensorData-1784734127402-c3b933d043e4421aa5ddd3c7d09f830d.zip,1784717584000,1784722404000
F0:FA:C7:49:5F:98_1784713155_10,fa66ba005b594f22bd0f054d3ef5af23,fa66ba005b594f22bd0f054d3ef5af231784734363063,HNU21021,kitattachments/20260722/SensorOriginalData/sensorData-1784734363856-df4182d0fe8e48ef95aa1ce014025a1b.zip,1784713155000,1784717584000
F0:FA:C7:49:5F:98_1784706657_9,fa66ba005b594f22bd0f054d3ef5af23,fa66ba005b594f22bd0f054d3ef5af231784734544866,HNU21021,kitattachments/20260722/SensorOriginalData/sensorData-1784734545423-b636a9dacabd4b249cdd37942b15d379.zip,1784706657000,1784713155000
F0:FA:C7:49:5F:98_1784702105_8,fa66ba005b594f22bd0f054d3ef5af23,fa66ba005b594f22bd0f054d3ef5af231784734809048,HNU21021,kitattachments/20260722/SensorOriginalData/sensorData-1784734810290-2be0522dac434e1dbde440242bb540ec.zip,1784702105000,1784706657000
F0:FA:C7:49:5F:98_1784697674_7,fa66ba005b594f22bd0f054d3ef5af23,fa66ba005b594f22bd0f054d3ef5af231784735003348,HNU21021,kitattachments/20260722/SensorOriginalData/sensorData-1784735004234-a41f95f6c26a48cbae00d3960b3d97ab.zip,1784697674000,1784702105000
F0:FA:C7:49:5F:98_1784692932_6,fa66ba005b594f22bd0f054d3ef5af23,fa66ba005b594f22bd0f054d3ef5af231784735224878,HNU21021,kitattachments/20260722/SensorOriginalData/sensorData-1784735225797-59f14e9c76c64e288bdf63463f5e8044.zip,1784692932000,1784697674000
F0:FA:C7:49:5F:98_1784688500_5,fa66ba005b594f22bd0f054d3ef5af23,fa66ba005b594f22bd0f054d3ef5af231784735387284,HNU21021,kitattachments/20260722/SensorOriginalData/sensorData-1784735388055-d532cd23621d40928325f699ce955b3f.zip,1784688500000,1784692932000
F0:FA:C7:49:5F:98_1784684070_4,fa66ba005b594f22bd0f054d3ef5af23,fa66ba005b594f22bd0f054d3ef5af231784735648385,HNU21021,kitattachments/20260722/SensorOriginalData/sensorData-1784735649335-b34644bda58744a8a05694f62a645ea7.zip,1784684070000,1784688500000
F0:FA:C7:49:5F:98_1784636080_3,fa66ba005b594f22bd0f054d3ef5af23,fa66ba005b594f22bd0f054d3ef5af231784735857490,HNU21021,kitattachments/20260722/SensorOriginalData/sensorData-1784735858448-eec9b25a80524a4c9841a3b07c6b0d05.zip,1784636080000,1784684070000
F0:FA:C7:49:5F:98_1784631632_2,fa66ba005b594f22bd0f054d3ef5af23,fa66ba005b594f22bd0f054d3ef5af231784638925031,HNU21021,kitattachments/20260721/SensorOriginalData/sensorData-1784638925857-54962bfb5ca6401686d5df0b3c535cc9.zip,1784631632000,1784636080000
F0:FA:C7:49:5F:98_1784621578_1,fa66ba005b594f22bd0f054d3ef5af23,fa66ba005b594f22bd0f054d3ef5af231784639181356,HNU21021,kitattachments/20260721/SensorOriginalData/sensorData-1784639182182-adba7e6c96914013914536ea2282dd33.zip,1784621578000,1784631632000
